cpcNumber,productId,styleName,sizeName,designName,groupName,purity,sellByPiece,lotCount
1000L1,1000,,DEFAULT,RG1-C(0.24)N(4.222)-8903R1,DIAMOND,18 Ct/85,0,1
1001L1,1001,,DEFAULT,NP-C(0.19)N(0.612)-8915R1,DIAMOND,18 Ct/85,0,1
1002L1,1002,,DEFAULT,ER-C(0.35)N(2.64)-8919R1,DIAMOND,18 Ct/85,0,1
1003L1,1003,,DEFAULT,ER-C(0.51)N(2.798)-8921R1,DIAMOND,18 Ct/85,0,1
1004L1,1004,,DEFAULT,ER-C(0.56)N(2.618)-8922R1,DIAMOND,18 Ct/85,0,1
1005L1,1005,,DEFAULT,ER-C(0.67)N(3.346)-8923R1,DIAMOND,18 Ct/85,0,1
1006L1,1006,,DEFAULT,ER-C(0.68)N(4.191)-8930R1,DIAMOND,18 Ct/85,0,1
1007L1,1007,,DEFAULT,ER-C(0.69)N(3.132)-8931R1,DIAMOND,18 Ct/85,0,1
1008L1,1008,,DEFAULT,ER-C(0.23)N(1.894)-8932R1,DIAMOND,18 Ct/85,0,1
1009L1,1009,,DEFAULT,ER-C(0.76)N(2.798)-8935R1,DIAMOND,18 Ct/85,0,1
100L1,100,CUBAN CHAIN,DEFAULT,529-10,SILVER,SILVER,0,46
1010L1,1010,,DEFAULT,IT. PENDAN-C(0)N(5.47)-8941R1,DIAMOND,18 Ct/85,0,1
1011L1,1011,,DEFAULT,BRG-C(0.5)N(11.22)-8942R1,DIAMOND,18 Ct/85,0,1
1012L1,1012,,DEFAULT,NS-C(4.72)N(30.526)-8947R1,DIAMOND,18 Ct/85,0,1
1013L1,1013,,DEFAULT,RL1-C(0.13)N(1.344)-8955R1,DIAMOND,18 Ct/85,0,1
1014L1,1014,,DEFAULT,RL1-C(0.18)N(1.694)-8957R1,DIAMOND,18 Ct/85,0,1
1015L1,1015,,DEFAULT,RG-C(0.14)N(1.852)-8958R1,DIAMOND,18 Ct/85,0,1
1016L1,1016,,DEFAULT,TM-C(0.85)N(3.97)-8964R1,DIAMOND,18 Ct/85,0,1
1017L1,1017,,DEFAULT,TM-C(0.72)N(3.976)-8965R1,DIAMOND,18 Ct/85,0,1
1018L1,1018,,DEFAULT,TM-C(0.81)N(3.878)-8966R1,DIAMOND,18 Ct/85,0,1
1019L1,1019,,DEFAULT,TM-C(0.51)N(3.368)-8969R1,DIAMOND,18 Ct/85,0,1
101L1,101,SNAKE CHAIN,DEFAULT,527-10,SILVER,SILVER,0,258
1020L1,1020,,DEFAULT,TM-C(1.31)N(3.432)-8972R1,DIAMOND,18 Ct/85,0,1
1021L1,1021,,DEFAULT,BRACLETL-C(0.64)N(8.792)-8974R1,DIAMOND,18 Ct/85,0,1
1022L1,1022,,DEFAULT,ER-C(0.4)N(2.42)-8975R1,DIAMOND,18 Ct/85,0,1
1023L1,1023,,DEFAULT,ER-C(0.35)N(2.71)-8976R1,DIAMOND,18 Ct/85,0,1
1024L1,1024,,DEFAULT,ER-C(0.64)N(2.322)-8977R1,DIAMOND,18 Ct/85,0,1
1025L1,1025,,DEFAULT,ER-C(0.44)N(3.212)-8978R1,DIAMOND,18 Ct/85,0,1
1026L1,1026,,DEFAULT,RL1-C(0.16)N(2.228)-9188R1,DIAMOND,18 Ct/85,0,1
1027L1,1027,,DEFAULT,RL1-C(0.28)N(3.234)-9190R1,DIAMOND,18 Ct/85,0,1
1028L1,1028,,DEFAULT,RL1-C(0.36)N(3.358)-9191R1,DIAMOND,18 Ct/85,0,1
1029L1,1029,,DEFAULT,RL1-C(0.27)N(2.736)-9192R1,DIAMOND,18 Ct/85,0,1
102L1,102,VIRODYA >5,DEFAULT,557-10,SILVER,SILVER,0,630
1030L1,1030,,DEFAULT,RL1-C(0.18)N(2.134)-9193R1,DIAMOND,18 Ct/85,0,1
1031L1,1031,,DEFAULT,RL1-C(0.4)N(2.57)-9194R1,DIAMOND,18 Ct/85,0,1
1032L1,1032,,DEFAULT,RL1-C(0.42)N(1.626)-9195R1,DIAMOND,18 Ct/85,0,1
1033L1,1033,,DEFAULT,RL1-C(0.17)N(2.546)-9197R1,DIAMOND,18 Ct/85,0,1
1034L1,1034,,DEFAULT,RL1-C(0.15)N(1.95)-9198R1,DIAMOND,18 Ct/85,0,1
1035L1,1035,,DEFAULT,RL1-C(0.27)N(2.836)-9199R1,DIAMOND,18 Ct/85,0,1
1036L1,1036,,DEFAULT,PENDANT  S-C(0.48)N(3.084)-9200R1,DIAMOND,18 Ct/85,0,1
1037L1,1037,,DEFAULT,PE-C(0.55)N(5.87)-9201R1,DIAMOND,18 Ct/85,0,1
1038L1,1038,,DEFAULT,PENDANT  S-C(0.22)N(4.526)-9202R1,DIAMOND,18 Ct/85,0,1
1039L1,1039,,DEFAULT,PE-C(0.17)N(4.606)-9203R1,DIAMOND,18 Ct/85,0,1
103L1,103,VIRODYA,DEFAULT,722-24,SILVER,SILBULLION,0,3
1040L1,1040,,DEFAULT,PE-C(0.37)N(3.236)-9204R1,DIAMOND,18 Ct/85,0,1
1041L1,1041,,DEFAULT,PE-C(0.32)N(2.306)-9205R1,DIAMOND,18 Ct/85,0,1
1042L1,1042,,DEFAULT,PENDANT  S-C(0.39)N(2.399)-9206R1,DIAMOND,18 Ct/85,0,1
1043L1,1043,,DEFAULT,PE-C(0.22)N(2.047)-9207R1,DIAMOND,18 Ct/85,0,1
1044L1,1044,,DEFAULT,PENDANT  S-C(0.25)N(1.84)-9208R1,DIAMOND,18 Ct/85,0,1
1045L1,1045,,DEFAULT,PENDANT  S-C(0.32)N(1.166)-9209R1,DIAMOND,18 Ct/85,0,1
1046L1,1046,,DEFAULT,TM-C(0.56)N(2.768)-9223R1,DIAMOND,18 Ct/85,0,1
1047L1,1047,,DEFAULT,TM-C(0.35)N(2.36)-9224R1,DIAMOND,18 Ct/85,0,1
1048L1,1048,,DEFAULT,TM-C(0.15)N(1.85)-9225R1,DIAMOND,18 Ct/85,0,1
1049L1,1049,,DEFAULT,TM-C(0.52)N(3.316)-9226R1,DIAMOND,18 Ct/85,0,1
104L1,104,.VAATI,DEFAULT,523-10,SILVER,SILVER,0,194
1050L1,1050,,DEFAULT,TM-C(0.35)N(2.01)-9227R1,DIAMOND,18 Ct/85,0,1
1051L1,1051,,DEFAULT,TM-C(0.36)N(1.958)-9228R1,DIAMOND,18 Ct/85,0,1
1052L1,1052,,DEFAULT,TM-C(0.41)N(2.338)-9229R1,DIAMOND,18 Ct/85,0,1
1053L1,1053,,DEFAULT,TM-C(0.59)N(2.652)-9230R1,DIAMOND,18 Ct/85,0,1
1054L1,1054,,DEFAULT,IT. PENDAN-C(0)N(9.94)-997R1,DIAMOND,14CT/68,0,1
1055L1,1055,.THALI PLAIN-1,DEFAULT,626-10,SILVER,SILVER,0,17
1056L1,1056,.PLATE-1,DEFAULT,614-10,SILVER,SILVER,0,17
1057L1,1057,.GALSS-1,DEFAULT,591-10,SILVER,SILVER,0,156
1058L103,1058,.VAATI-1,DEFAULT,590-10,SILVER,SILVER,0,91
1059L1,1059,ANGUTHI GENTS,4NO,130-5,GOLD,22 Ct,0,3
105L1,105,.THALI PLAIN,DEFAULT,521-10,SILVER,SILVER,0,25
1060L1,1060,,DEFAULT,RG1-C(0)N(6.08)-KB,DIAMOND,18 Ct/85,0,1
1061L1,1061,.MURTI BHARIV-1,DEFAULT,559-10,SILVER,SILVER,0,37
1062L1,1062,,DEFAULT,TM-C(0.44)N(2.892),DIAMOND,18 Ct/85,0,1
106L10,106,.SPOON,DEFAULT,514-10,SILVER,SILVER,0,194
108L10,108,.KARLA VEL-1,DEFAULT,728-10,SILVER,SILVER,0,3
109L10,109,.MALA-1[400],DEFAULT,729-10,SILVER,SILVER,0,8
10L1,10,FANCY CHAIN,2.8INCH,138-5,GOLD,22 Ct,0,3
110L30,110,.FHUL-1[100],DEFAULT,725-10,SILVER,SILVER,0,4
111L10,111,.POOJA ITEM,DEFAULT,508-10,SILVER,SILVER,0,10
1125L3,1125,,DEFAULT,EAMRALD-111974,STONES,,0,1
112L3,112,.SINHASAN,DEFAULT,513-10,SILVER,SILVER,0,1
113L1,113,.TABAK,DEFAULT,515-10,SILVER,SILVER,0,2
1142L5,1142,,DEFAULT,EAMRALD-111991,STONES,,0,1
1144L1,1144,ANGUTHI GENTS,22INCH,130-5,GOLD,22 Ct,0,1
114L1,114,.RATH,DEFAULT,510-10,SILVER,SILVER,0,6
115L10,115,.SAMAI,DEFAULT,511-10,SILVER,SILVER,0,15
116L1,116,.TAMHAN,DEFAULT,518-10,SILVER,SILVER,0,11
1172L6,1172,,DEFAULT,HESSONITE-112020,STONES,,0,1
1175L4,1175,,DEFAULT,HESSONITE-112023,STONES,,0,1
117L1,117,.ZULA,DEFAULT,525-10,SILVER,SILVER,0,6
1188L365,1188,ANGUTHI LADIES,10NO,131-5,GOLD,22 Ct,0,24
1189L1,1189,ANGUTHI LADIES,8NO,131-5,GOLD,22 Ct,0,19
1189L2,1189,ANGUTHI LADIES,23NO,131-5,GOLD,22 Ct,0,1
118L1,118,.TAMHAN EACHING,DEFAULT,519-10,SILVER,SILVER,0,2
1190L1,1190,ANGUTHI LADIES,24NO,131-5,GOLD,22 Ct,0,1
1190L2,1190,ANGUTHI LADIES,8NO,131-5,GOLD,22 Ct,0,3
119L100,119,.DIVA,DEFAULT,483-10,SILVER,SILVER,0,165
11L1,11,ANGUTHI LADIES,22INCH,131-5,GOLD,22 Ct,0,10
11L11,11,ANGUTHI LADIES,10NO,131-5,GOLD,22 Ct,0,2
11L8,11,ANGUTHI LADIES,5NO,131-5,GOLD,22 Ct,0,2
1206L11,1206,,DEFAULT,RUBY (MANIK)-112050,STONES,,0,1
120L100,120,.DEV TAK,DEFAULT,482-10,SILVER,SILVER,0,79
122L1,122,.DABBI [100],DEFAULT,732-10,SILVER,SILVER,0,10
1232L6,1232,,DEFAULT,YELLOW SAPHIRE-112076,STONES,,0,1
1234L3,1234,,DEFAULT,YELLOW SAPHIRE-112078,STONES,,0,1
1235L2,1235,,DEFAULT,YELLOW SAPHIRE-112079,STONES,,0,1
1238L2,1238,,DEFAULT,DIAMOND-11573,STONES,,0,1
1239L1,1239,.ANGUTHI SILVER-1 [200],DEFAULT,566-10,SILVER,SILVER,0,158
123L1,123,.FULPATRA,DEFAULT,484-10,SILVER,SILVER,0,42
1240L15,1240,BANGLE MACHINE 4,DEFAULT,76-5,GOLD,22 Ct,0,12
1240L18,1240,BANGLE MACHINE 4,2.4INCH,76-5,GOLD,22 Ct,0,13
124L16,124,.GIFT ITEM SILVER,DEFAULT,487-10,SILVER,SILVER,0,1
1251L1,1251,,DEFAULT,RL1-C(0.11)N(2.628)-KB,DIAMOND,18 Ct/85,0,1
1252L1,1252,,DEFAULT,NP-C(0.04)N(0.302)-KB,DIAMOND,18 Ct/85,0,1
1253L1,1253,,DEFAULT,NP-C(0.04)N(0.292)-KB,DIAMOND,18 Ct/85,0,1
1254L1,1254,,DEFAULT,ER-C(0.47)N(5.276)-RP,DIAMOND,18 Ct/85,0,1
1255L1,1255,.TAMHAN-1,DEFAULT,623-10,SILVER,SILVER,0,15
1257L1,1257,,DEFAULT,EAMRALD-112156,STONES,,0,1
1259L1,1259,ANGUTHI LADIES,12NO,131-5,GOLD,22 Ct,0,43
125L25,125,.CHATRA,DEFAULT,479-10,SILVER,SILVER,0,2
1260L1,1260,ANGUTHI LADIES,15NO,131-5,GOLD,22 Ct,0,29
1265L1,1265,ANGUTHI GENTS,15NO,130-5,GOLD,22 Ct,0,17
1265L1203,1265,ANGUTHI GENTS,14NO,130-5,GOLD,22 Ct,0,4
1266L1,1266,ANGUTHI GENTS,17NO,130-5,GOLD,22 Ct,0,18
1267L1,1267,ANGUTHI GENTS,14NO,130-5,GOLD,22 Ct,0,1
1267L1062,1267,ANGUTHI GENTS,18NO,130-5,GOLD,22 Ct,0,29
1268L1,1268,ANGUTHI LADIES,12NO,131-5,GOLD,22 Ct,0,1
1270L1,1270,.PATLI BACCHA-2,DEFAULT,638-10,SILVER,SILVER,0,225
1272L1,1272,,DEFAULT,PLAIN FULI,BY PCS,,1,1
1273L1,1273,,DEFAULT,MEENA FULI,BY PCS,,1,1
1274L1,1274,,DEFAULT,CHAPNATH1-2250,BY PCS,,1,1
1275L1,1275,,DEFAULT,CHAPNATH2-2375,BY PCS,,1,1
1276L1,1276,,DEFAULT,CHN3-2500,BY PCS,,1,1
1277L1,1277,,DEFAULT,CHN4-3425,BY PCS,,1,1
1278L1,1278,,DEFAULT,CHN5,BY PCS,,1,1
1279L1,1279,,DEFAULT,GOM0,BY PCS,,1,1
1280L1,1280,,DEFAULT,SJD0,BY PCS,,1,1
1281L1,1281,,DEFAULT,SJD00,BY PCS,,1,1
1282L1,1282,,DEFAULT,SJD1,BY PCS,,1,1
1283L1,1283,,DEFAULT,SJD2,BY PCS,,1,1
1284L1,1284,,DEFAULT,SJD4,BY PCS,,1,1
1285L1,1285,,DEFAULT,PNR00,BY PCS,,1,1
1286L1,1286,,DEFAULT,PNR-1400,BY PCS,,1,1
1287L1,1287,,DEFAULT,PNR3,BY PCS,,1,1
1288L1,1288,,DEFAULT,PLAINNATH-0,BY PCS,,1,1
1289L1,1289,,DEFAULT,PLN-00-1600,BY PCS,,1,1
128L10,128,.GHANTI,DEFAULT,485-10,SILVER,SILVER,0,6
1290L1,1290,,DEFAULT,PLAINNATH-1950,BY PCS,,1,1
1291L1,1291,,DEFAULT,PLAINNATH2-2200,BY PCS,,1,1
1292L1,1292,,DEFAULT,PLN-3-2200,BY PCS,,1,1
1293L1,1293,,DEFAULT,STN0,BY PCS,,1,1
1294L1,1294,,DEFAULT,STN1,BY PCS,,1,1
1295L1,1295,,DEFAULT,STN2-3700,BY PCS,,1,1
1296L1,1296,JONDHALI MAL,DEFAULT,114-5,GOLD,22 Ct,0,1
1298L1,1298,,DEFAULT,ER-C(0.77)N(5.006)-KB,DIAMOND,18 Ct/85,0,1
129L2,129,.ATTAR DANI,DEFAULT,476-10,SILVER,SILVER,0,4
12L1,12,ANGUTHI LADIES,12NO,131-5,GOLD,22 Ct,0,1
12L10,12,ANGUTHI LADIES,24INCH,131-5,GOLD,22 Ct,0,16
12L15,12,ANGUTHI LADIES,10NO,131-5,GOLD,22 Ct,0,1
12L545,12,ANGUTHI LADIES,11NO,131-5,GOLD,22 Ct,0,30
1302L1,1302,.BANGLE SILVER-2,DEFAULT,562-10,SILVER,SILVER,0,2
1304L1,1304,,DEFAULT,TM-C(0.57)N(4.026)-KB,DIAMOND,18 Ct/85,0,1
1307L1,1307,CHAIN MACHINE,18INCH,132-5,GOLD,22 Ct,0,108
1308L1,1308,ANGUTHI GENTS,20INCH,130-5,GOLD,22 Ct,0,1
130L1,130,.GLASS,DEFAULT,488-10,SILVER,SILVER,0,111
1310L1,1310,.YELI BARIK-2,DEFAULT,640-10,SILVER,SILVER,0,68
1315L1,1315,,DEFAULT,DIAMOND-1113,STONES,,0,3
1316L1,1316,,DEFAULT,DIAMOND-1114,STONES,,0,1
1317L1,1317,,DEFAULT,DIAMOND-11593,STONES,,0,1
1318L1,1318,,DEFAULT,DIAMOND-111416,STONES,,0,1
1319L1,1319,,DEFAULT,DIAMOND-111660,STONES,,0,1
131L10,131,.NARAL,DEFAULT,502-10,SILVER,SILVER,0,10
1320L1,1320,,DEFAULT,NP-C(0.13)N(0.284)-KB,DIAMOND,18 Ct/85,0,1
1321L1,1321,,DEFAULT,NP-C(0)N(0.3)-KB TO TH,DIAMOND,18 Ct/85,0,1
1322L1,1322,,DEFAULT,RL1-C(0.17)N(2.706)-KB,DIAMOND,18 Ct/85,0,1
1323L1,1323,.KARNDA-1,DEFAULT,607-10,SILVER,SILVER,0,38
1324L1,1324,ANGUTHI GENTS,26NO,130-5,GOLD,22 Ct,0,2
1325L1,1325,CHAIN HOLO,20INCH,141-5,GOLD,22 Ct,0,25
1326L85,1326,CHAIN HOLO,24INCH,141-5,GOLD,22 Ct,0,1
1327L377,1327,CHAIN MACHINE,20INCH,132-5,GOLD,22 Ct,0,64
1328L2,1328,CHAIN MACHINE,22INCH,132-5,GOLD,22 Ct,0,48
1329L1,1329,CHAIN MACHINE,24INCH,132-5,GOLD,22 Ct,0,25
132L1,132,.LOTA,DEFAULT,497-10,SILVER,SILVER,0,20
1331L1,1331,,DEFAULT,NP-C(0.02)N(0.096)-10315H1,DIAMOND,18 Ct/85,0,1
1332L1,1332,CHAIN PADAK CASTING,DEFAULT,274-5,GOLD,22 Ct,0,27
1333L1,1333,,DEFAULT,ER-C(0.3)N(1.39)-KB,DIAMOND,18 Ct/85,0,1
1334L1,1334,,DEFAULT,RG-C(0)N(6.73)-KB,DIAMOND,18 Ct/85,0,1
1335L1,1335,BANGLE FANCY 4,2.7INCH,48-5,GOLD,22 Ct,0,1
1336L1,1336,,DEFAULT,NP-C(0.04)N(0.162)-KB,DIAMOND,18 Ct/85,0,1
1337L1,1337,,DEFAULT,RG-C(0.55)N(4.07)-KB-NSK,DIAMOND,18 Ct/85,0,1
1338L1,1338,,DEFAULT,BRG-C(2.17)N(26.656)-15988A1,DIAMOND,18 Ct/85,0,1
1339L1,1339,,DEFAULT,BRACLETL-C(0.34)N(12.632)-15989A1,DIAMOND,18 Ct/85,0,1
133L100,133,.KARANDA,DEFAULT,494-10,SILVER,SILVER,0,70
1340L1,1340,,DEFAULT,BRACLETL-C(1.44)N(13.252)-15990A1,DIAMOND,18 Ct/85,0,1
1341L1,1341,,DEFAULT,BRACLETL-C(0.35)N(7.04)-15991A1,DIAMOND,18 Ct/85,0,1
1342L1,1342,,DEFAULT,BG-C(5.59)N(39.482)-15992A1,DIAMOND,18 Ct/85,0,1
1343L1,1343,,DEFAULT,BG-C(4.14)N(40.972)-15993A1,DIAMOND,18 Ct/85,0,1
1344L1,1344,,DEFAULT,BG-C(1.77)N(15.806)-15994A1,DIAMOND,18 Ct/85,0,1
1345L1,1345,,DEFAULT,BG-C(1.76)N(15.708)-15995A1,DIAMOND,18 Ct/85,0,1
1346L1,1346,,DEFAULT,NS-C(3.01)N(23.428)-15996A1,DIAMOND,18 Ct/85,0,1
1347L1,1347,,DEFAULT,NE-C(0.87)N(9.876)-15997A1,DIAMOND,18 Ct/85,0,1
1348L1,1348,ANGUTHI GENTS,16NO,130-5,GOLD,22 Ct,0,17
1349L1,1349,.DABBI [250],DEFAULT,734-10,SILVER,SILVER,0,22
134L19,134,.MUKUT,DEFAULT,499-10,SILVER,SILVER,0,3
1350L1,1350,,DEFAULT,PENDANT  S-C(0.43)N(1.944)-10672H1,DIAMOND,18 Ct/85,0,1
1351L1,1351,,DEFAULT,PE-C(0.36)N(2.478)-10673H1,DIAMOND,18 Ct/85,0,1
1356L3,1356,,DEFAULT,BLUE SAPHIRE-112346,STONES,,0,1
135L1,135,.KOYRI,DEFAULT,496-10,SILVER,SILVER,0,31
1361L1,1361,,DEFAULT,BLUE SAPHIRE-112283,STONES,,0,1
136L19,136,.MURTI POKAL,DEFAULT,501-10,SILVER,SILVER,0,13
137L108,137,.LOTI BHANDI,DEFAULT,498-10,SILVER,SILVER,0,55
1398L7,1398,,DEFAULT,CATS EYE-112253,STONES,,0,1
13L10,13,ANGUTHI LADIES,26INCH,131-5,GOLD,22 Ct,0,15
13L2,13,ANGUTHI LADIES,12NO,131-5,GOLD,22 Ct,0,3
1400L1,1400,,DEFAULT,CATS EYE-112257,STONES,,0,1
140L11,140,.PLATE,DEFAULT,506-10,SILVER,SILVER,0,31
1411L1,1411,.SAMAI-1,DEFAULT,618-10,SILVER,SILVER,0,1
1412L1,1412,,DEFAULT,NP-C(0.05)N(0.34)-KB,DIAMOND,18 Ct/85,0,1
1413L1,1413,,DEFAULT,RL1-C(0.24)N(2.602)-KB,DIAMOND,18 Ct/85,0,1
1414L1,1414,.BELA SADA-1,DEFAULT,633-10,SILVER,SILVER,0,294
1415L1,1415,,DEFAULT,RL1-C(0.04)N(1.642)-KB,DIAMOND,18 Ct/85,0,1
1416L1,1416,,DEFAULT,NP-C(0.05)N(0.18)-KB,DIAMOND,18 Ct/85,0,1
1417L1,1417,,DEFAULT,BAJUBAND-1-1800,BY PCS,,1,1
1418L1,1418,,DEFAULT,CHAIN-1-1400,BY PCS,,1,1
1419L1,1419,,DEFAULT,RANIHAAR-1650,BY PCS,,1,1
1420L1,1420,,DEFAULT,SARDAKADA-1,BY PCS,,1,1
1421L1,1421,,DEFAULT,MASHINEPATLI-1-1600,BY PCS,,1,1
1422L1,1422,,DEFAULT,MACHINEBANG-4,BY PCS,,1,1
1423L1,1423,,DEFAULT,RODIUMBANG-6-1800,BY PCS,,1,1
1424L1,1424,,DEFAULT,MACHINEBANG-8-1700,BY PCS,,1,1
1425L1,1425,.PENDENT SILVER-1 [150],DEFAULT,681-10,SILVER,SILVER,0,38
1426L1,1426,,DEFAULT,U TOPS-500,BY PCS,,1,1
1427L1,1427,,DEFAULT,U AD SET-1400,BY PCS,,1,1
1428L1,1428,,DEFAULT,SHRIGANESHJI-2100,BY PCS,,1,1
1429L1,1429,,DEFAULT,SHRI SAIBABA-600,BY PCS,,1,1
142L1,142,.KALASH,DEFAULT,492-10,SILVER,SILVER,0,15
1430L1,1430,,DEFAULT,SHRI SHANKARJI,BY PCS,,1,1
1431L1,1431,,DEFAULT,SHRIGANESHJI-2600,BY PCS,,1,1
1432L1,1432,,DEFAULT,GOLD PLATED FREMS-240,BY PCS,,1,1
1433L1,1433,,DEFAULT,GPF-2200,BY PCS,,1,1
1434L1,1434,,DEFAULT,GPLATEDFREM-1251,BY PCS,,1,1
1435L1,1435,,DEFAULT,SHRI GAJANAN,BY PCS,,1,1
1436L1,1436,,DEFAULT,SHRI RAMDARBAR,BY PCS,,1,1
1437L1,1437,,DEFAULT,SHRIMAHAVIR-3200,BY PCS,,1,1
1438L1,1438,,DEFAULT,SHRILAXMIJI-2100,BY PCS,,1,1
1439L1,1439,,DEFAULT,SHRILAXMIJI-2600,BY PCS,,1,1
143L1,143,.PANCHAPATRA,DEFAULT,504-10,SILVER,SILVER,0,1
1440L1,1440,,DEFAULT,FLOWER POT,BY PCS,,1,1
1441L1,1441,,DEFAULT,SHRI DATTA,BY PCS,,1,1
1442L1,1442,,DEFAULT,PSET-1-1200,BY PCS,,1,1
1443L1,1443,,DEFAULT,PATLI-1,BY PCS,,1,1
1444L1,1444,,DEFAULT,PAYAL-1,BY PCS,,1,1
1445L1,1445,,DEFAULT,PIPEKADA-2-1600,BY PCS,,1,1
1446L1,1446,,DEFAULT,U SET EARING-1,BY PCS,,1,1
1447L1,1447,,DEFAULT,NP-C(0.06)N(0.258)-KB,DIAMOND,18 Ct/85,0,1
1448L1,1448,,DEFAULT,RG1-C(0.18)N(5.174)-KB,DIAMOND,18 Ct/85,0,1
1449L1,1449,,DEFAULT,U RINGA,BY PCS,,1,1
1450L1,1450,,DEFAULT,U PENDENT,BY PCS,,1,1
1451L1,1451,,DEFAULT,U AKADA-1,BY PCS,,1,1
1452L1,1452,,DEFAULT,U ANGUTI-1-500,BY PCS,,1,1
1453L1,1453,,DEFAULT,U P SET,BY PCS,,1,1
1454L1,1454,,DEFAULT,U KADA -1000,BY PCS,,1,1
1456L1,1456,PATLI FANCY 2,2.5INCH,60-5,GOLD,22 Ct,0,1
1457L1,1457,,DEFAULT,RL1-C(0.29)N(2.972)-KB,DIAMOND,18 Ct/85,0,1
1458L1,1458,.MUKUT-1,DEFAULT,609-10,SILVER,SILVER,0,1
1459L1,1459,BANGLE MACHINE 4,2.6INCH,76-5,GOLD,22 Ct,0,20
145L1,145,.MURTI BHARIV,DEFAULT,500-10,SILVER,SILVER,0,899
1460L35,1460,FANCY KANGAN 2,2.5INCH,243-5,GOLD,22 Ct,0,6
1461L1,1461,BANGLE KANAS 4,2.8INCH,55-5,GOLD,22 Ct,0,1
1462L1,1462,,DEFAULT,ER-C(0.09)N(3.166)-KB,DIAMOND,18 Ct/85,0,1
1463L1,1463,,DEFAULT,RL1-C(0.31)N(3.608)-KB,DIAMOND,18 Ct/85,0,1
1464L1,1464,,DEFAULT,RL1-C(0.16)N(5.278)-KB,DIAMOND,18 Ct/85,0,1
1465L1,1465,BANGLE MACHINE 4,2.5INCH,76-5,GOLD,22 Ct,0,14
1467L1,1467,,DEFAULT,RL1-C(0.1)N(1.92)-KB,DIAMOND,18 Ct/85,0,1
1468L1,1468,,DEFAULT,RG1-C(0.19)N(4.592)-KB,DIAMOND,18 Ct/85,0,1
1469L1,1469,,DEFAULT,RL1-C(0.06)N(1.928)-KB,DIAMOND,18 Ct/85,0,1
146L10,146,.PAAN,DEFAULT,737-10,SILVER,SILVER,0,3
1470L1,1470,,DEFAULT,RG-C(1.351)N(100.029)-KB,DIAMOND,18 Ct/85,0,1
1471L1,1471,,DEFAULT,ER-C(1.550)N(150.128)-KB,DIAMOND,18 Ct/85,0,1
1472L1,1472,,DEFAULT,TM-C(0.640)N(244.872)-KB,DIAMOND,18 Ct/85,0,1
1473L1,1473,VIRODYA,DEFAULT,722-10,SILVER,SILVER,0,54
1474L1,1474,.LOTA-1,DEFAULT,608-10,SILVER,SILVER,0,5
1475L14,1475,FANCY TODA  2,2.8INCH,58-5,GOLD,22 Ct,0,10
1476L1,1476,PATLI MACHINE 2,2.4INCH,77-5,GOLD,22 Ct,0,12
1477L10,1477,PLAIN 2 FERVA,DEFAULT,632-10,SILVER,SILVER,0,490
1478L1,1478,,DEFAULT,TM-C(0.47)N(1.986)-KB,DIAMOND,18 Ct/85,0,1
1479L1,1479,,DEFAULT,ER-C(0.34)N(5.632)-KB,DIAMOND,18 Ct/85,0,1
147L1,147,.PADUKA-2,DEFAULT,707-24,SILVER,SILBULLION,0,8
1480L1,1480,,DEFAULT,RG1-C(0.55)N(8.1)-RP,DIAMOND,18 Ct/85,0,1
1481L1,1481,,DEFAULT,RG1-C(0.18)N(4.634)-KB,DIAMOND,18 Ct/85,0,1
1482L1,1482,,DEFAULT,RL1-C(0.1)N(2.5)-KB,DIAMOND,18 Ct/85,0,1
1483L1,1483,,DEFAULT,NP-C(0.09)N(0.282)-KB,DIAMOND,18 Ct/85,0,1
1484L1,1484,SARDAR KADA,2.10INCH,67-5,GOLD,22 Ct,0,10
1485L1,1485,CHAIN RASSHI,20INCH,140-5,GOLD,22 Ct,0,1
1486L1,1486,ZUMKA RING,DEFAULT,233-5,GOLD,22 Ct,0,5
1487L1,1487,.CHAIN SILVER-1,DEFAULT,653-10,SILVER,SILVER,0,3
1488L1,1488,BANGLE MACHINE 2,2.8INCH,75-5,GOLD,22 Ct,0,11
1489L1,1489,,DEFAULT,RL1-C(0.07)N(1.526)-KB,DIAMOND,18 Ct/85,0,1
148L10,148,.PAAN,DEFAULT,737-24,SILVER,SILBULLION,0,2
1490L1,1490,BANGLE MACHINE 2,2.2INCH,75-5,GOLD,22 Ct,0,3
1491L1,1491,,DEFAULT,RG1-C(0.35)N(6.93)-KB,DIAMOND,18 Ct/85,0,1
1492L1,1492,CHAIN MACHINE,14INCH,132-5,GOLD,22 Ct,0,10
1493L1,1493,CHAIN HOLO,14INCH,141-5,GOLD,22 Ct,0,1
1494L1,1494,,DEFAULT,ER-C(0.36)N(2.348)-RP,DIAMOND,18 Ct/85,0,1
1495L1,1495,.ANGUTHI SILVER-1 [125],DEFAULT,563-10,SILVER,SILVER,0,154
1496L1,1496,PATLI FANCY 1,DEFAULT,133-5,GOLD,22 Ct,0,1
1497L1,1497,BANGLE MACHINE 2,2.6INCH,75-5,GOLD,22 Ct,0,40
1498L1,1498,,DEFAULT,NP-C(0.07)N(0.266)-KB,DIAMOND,18 Ct/85,0,1
1499L1,1499,SET LONG 1,DEFAULT,747-5,GOLD,22 Ct,0,1
149L1,149,.PADUKA-2,DEFAULT,707-10,SILVER,SILVER,0,5
14L1,14,ANGUTHI LADIES,13NO,131-5,GOLD,22 Ct,0,35
14L10,14,ANGUTHI LADIES,28INCH,131-5,GOLD,22 Ct,0,26
14L9,14,ANGUTHI LADIES,15NO,131-5,GOLD,22 Ct,0,1
1500L11,1500,.LOTI BHANDI-1,DEFAULT,651-10,SILVER,SILVER,0,23
1501L1,1501,.DIVA-1,DEFAULT,588-10,SILVER,SILVER,0,67
1502L1,1502,,DEFAULT,BANGLE-8,BY PCS,,1,1
1503L1,1503,,DEFAULT,BANGALS-2,BY PCS,,1,1
1504L1,1504,,DEFAULT,BANGALE-4,BY PCS,,1,1
1505L1,1505,,DEFAULT,BANGLE-6,BY PCS,,1,1
1506L1,1506,,DEFAULT,BAJUBAND-1,BY PCS,,1,1
1507L1,1507,,DEFAULT,KANDORA-1,BY PCS,,1,1
1508L1,1508,BANGLE MACHINE 2,2.4INCH,75-5,GOLD,22 Ct,0,26
1509L10,1509,TOPS,DEFAULT,161-5,GOLD,22 Ct,0,1100
150L1,150,.BELA SADA-2,DEFAULT,434-10,SILVER,SILVER,0,2231
1510L1,1510,,DEFAULT,CHAIN-1700,BY PCS,,1,1
1511L1,1511,,DEFAULT,SARDAR KADA-2200,BY PCS,,1,1
1512L79,1512,CHAIN HOLO,16INCH,141-5,GOLD,22 Ct,0,1
1513L1,1513,LONG CHAIN POTE,28INCH,762-5,GOLD,22 Ct,0,96
1514L10,1514,SHORT VERTICAL MALA,18INCH,770-5,GOLD,22 Ct,0,6
1515L1,1515,SHORT CHAIN POTE,18INCH,763-5,GOLD,22 Ct,0,927
1516L1,1516,ATTACHED CHAIN POTE,18INCH,764-5,GOLD,22 Ct,0,307
1517L1,1517,FANCY PADAK,DEFAULT,410-5,GOLD,22 Ct,0,644
1518L1,1518,SHORT NANO POTE,18INCH,767-5,GOLD,22 Ct,0,115
1519L1,1519,PATLI MACHINE 2,2.5INCH,77-5,GOLD,22 Ct,0,18
151L1,151,BELA SADA,DEFAULT,689-24,SILVER,SILBULLION,0,190
1520L1,1520,LONG NANO POTE,28INCH,766-5,GOLD,22 Ct,0,3
1521L1,1521,SHORT PATTI POTE,DEFAULT,112-5,GOLD,22 Ct,0,25
1522L1,1522,LONG PATTI POTE,28INCH,769-5,GOLD,22 Ct,0,487
1523L14,1523,DESIGNER POTE,28INCH,773-5,GOLD,22 Ct,0,20
1524L1,1524,,DEFAULT,RG-C(0.18)N(5.434)-KB,DIAMOND,18 Ct/85,0,1
1525L1,1525,GENTS ANGUTHI,21NO,406-5,GOLD,22 Ct,0,72
1526L1,1526,MACHINE CHAIN,24INCH,800-5,GOLD,22 Ct,0,151
1527L1,1527,FANCY CHAIN PADAK,DEFAULT,798-5,GOLD,22 Ct,0,185
1528L1,1528,RANI HAR,DEFAULT,792-5,GOLD,22 Ct,0,59
1529L1,1529,SHORT PATTI POTE,18INCH,112-5,GOLD,22 Ct,0,395
152L1,152,BELA SUTTE-4,DEFAULT,690-10,SILVER,SILVER,0,411
1530L1,1530,ZUMKA FANCY 1,DEFAULT,427-5,GOLD,22 Ct,0,351
1531L1,1531,,DEFAULT,B-5,BY PCS,,1,1
1532L1,1532,MACHINE CHAIN,18INCH,800-5,GOLD,22 Ct,0,477
1533L1,1533,MACHINE CHAIN,20INCH,800-5,GOLD,22 Ct,0,296
1534L1,1534,GENTS ANGUTHI,19NO,406-5,GOLD,22 Ct,0,47
1535L106,1535,GENTS ANGUTHI,18NO,406-5,GOLD,22 Ct,0,86
1536L1,1536,GENTS ANGUTHI,15NO,406-5,GOLD,22 Ct,0,39
1537L110,1537,GENTS ANGUTHI,22NO,406-5,GOLD,22 Ct,0,108
1538L1,1538,GENTS ANGUTHI,26NO,406-5,GOLD,22 Ct,0,8
1539L1,1539,HAR FANCY,DEFAULT,786-5,GOLD,22 Ct,0,96
153L1,153,BELA SUTE,DEFAULT,741-24,SILVER,SILBULLION,0,24
1540L1,1540,SHORT BRACLET POTE,18INCH,761-5,GOLD,22 Ct,0,188
1541L14,1541,LADIES FANCY BRACELET,DEFAULT,791-5,GOLD,22 Ct,0,5
1542L1,1542,LADIES FANCY ANGUTHI,DEFAULT,755-5,GOLD,22 Ct,0,6
1543L1,1543,CHANDRAKANTA,DEFAULT,752-5,GOLD,22 Ct,0,438
1544L1,1544,LONG BRACLET POTE,28INCH,756-5,GOLD,22 Ct,0,16
1545L1,1545,LADIES ANGUTHI,9NO,407-5,GOLD,22 Ct,0,67
1546L1,1546,GENTS ANGUTHI,16NO,406-5,GOLD,22 Ct,0,37
1547L216,1547,MACHINE CHAIN,26INCH,800-5,GOLD,22 Ct,0,1
1548L1,1548,LADIES ANGUTHI,15NO,407-5,GOLD,22 Ct,0,59
1549L1,1549,GENTS ANGUTHI,14NO,406-5,GOLD,22 Ct,0,18
154L1,154,CUBAN BRACELATE,DEFAULT,455-10,SILVER,SILVER,0,182
1550L1,1550,GENTS ANGUTHI,17NO,406-5,GOLD,22 Ct,0,47
1551L102,1551,GENTS ANGUTHI,20NO,406-5,GOLD,22 Ct,0,127
1552L1,1552,DESIGNER POTE,32INCH,773-5,GOLD,22 Ct,0,30
1553L1,1553,FANCY KANGAN 1,2.10INCH,126-5,GOLD,22 Ct,0,1
1554L1,1554,PATLI MACHINE 2,2.2INCH,77-5,GOLD,22 Ct,0,1
1555L1,1555,GENTS ANGUTHI,24NO,406-5,GOLD,22 Ct,0,42
1556L1,1556,LADIES ANGUTHI,10NO,407-5,GOLD,22 Ct,0,118
1557L1,1557,FANCY TOPS LATKAN,DEFAULT,425-5,GOLD,22 Ct,0,382
1558L1,1558,FANCY MACHINE CHAIN,22INCH,143-5,GOLD,22 Ct,0,8
1559L1,1559,BANGLE MACHINE 2,2.3INCH,75-5,GOLD,22 Ct,0,8
155L1,155,ATTHA BRACELATE,DEFAULT,742-24,SILVER,SILBULLION,0,22
1560L1,1560,BUNCH CHAIN POTE,DEFAULT,765-5,GOLD,22 Ct,0,4
1561L1,1561,HAR SET,DEFAULT,541-5,GOLD,22 Ct,0,44
1562L1,1562,TUSHI MALA WHITE,24INCH,771-5,GOLD,22 Ct,0,5
1563L1,1563,GENTS CASTING ANGUTHI,17NO,142-5,GOLD,22 Ct,0,60
1564L1,1564,GENTS CASTING ANGUTHI,18NO,142-5,GOLD,22 Ct,0,83
1565L1,1565,GENTS CASTING ANGUTHI,19NO,142-5,GOLD,22 Ct,0,80
1566L1,1566,GENTS CASTING ANGUTHI,20NO,142-5,GOLD,22 Ct,0,195
1567L1,1567,GENTS CASTING ANGUTHI,21NO,142-5,GOLD,22 Ct,0,160
1568L1,1568,GENTS CASTING ANGUTHI,22NO,142-5,GOLD,22 Ct,0,175
1569L1,1569,NAWABI HOLO,20INCH,793-5,GOLD,22 Ct,0,69
156L1,156,ANGUTHI GENTS,13NO,130-5,GOLD,22 Ct,0,10
1570L1,1570,RASSI,18INCH,794-5,GOLD,22 Ct,0,60
1571L1,1571,FANCY MACHINE CHAIN,18INCH,143-5,GOLD,22 Ct,0,55
1572L1,1572,FANCY MACHINE CHAIN,20INCH,143-5,GOLD,22 Ct,0,19
1573L1,1573,MACHINE CHAIN,22INCH,800-5,GOLD,22 Ct,0,213
1574L1,1574,,DEFAULT,RL1-C(0.17)N(2.446)-KB,DIAMOND,18 Ct/85,0,1
1575L1,1575,RASSI,20INCH,794-5,GOLD,22 Ct,0,34
1576L1,1576,NAWABI HOLO,22INCH,793-5,GOLD,22 Ct,0,32
1577L1,1577,GENTS FANCY ANGUTHI,18NO,754-5,GOLD,22 Ct,0,24
1578L1,1578,GENTS FANCY ANGUTHI,19NO,754-5,GOLD,22 Ct,0,16
1579L1,1579,GENTS FANCY ANGUTHI,20NO,754-5,GOLD,22 Ct,0,24
157L1,157,ANGUTHI GENTS,14NO,130-5,GOLD,22 Ct,0,5
1580L1,1580,GENTS FANCY ANGUTHI,21NO,754-5,GOLD,22 Ct,0,34
1581L1,1581,GENTS FANCY ANGUTHI,24NO,754-5,GOLD,22 Ct,0,21
1582L1,1582,LADIES FANCY ANGUTHI,13NO,755-5,GOLD,22 Ct,0,22
1583L1,1583,FANCY CHAIN PADAK <3.50,DEFAULT,409-5,GOLD,22 Ct,0,1
1584L1,1584,LADIES ANGUTHI,13NO,407-5,GOLD,22 Ct,0,75
1585L1,1585,MACHINE CHAIN,16INCH,800-5,GOLD,22 Ct,0,145
1586L1,1586,LADIES ANGUTHI,17NO,407-5,GOLD,22 Ct,0,10
1587L1,1587,GENTS FANCY ANGUTHI,DEFAULT,754-5,GOLD,22 Ct,0,8
1588L1,1588,GENTS CASTING ANGUTHI,DEFAULT,142-5,GOLD,22 Ct,0,67
1589L1,1589,RASSI,DEFAULT,794-5,GOLD,22 Ct,0,13
158L1,158,SUIDHAGA,DEFAULT,151-5,GOLD,22 Ct,0,31
1590L1,1590,MACHINE CHAIN,DEFAULT,800-5,GOLD,22 Ct,0,91
1591L10,1591,ZUMKA FANCY 2,DEFAULT,753-5,GOLD,22 Ct,0,254
1592L1,1592,TOPS FANCY,DEFAULT,172-5,GOLD,22 Ct,0,521
1593L1,1593,LADIES ANGUTHI,12NO,407-5,GOLD,22 Ct,0,149
1594L1,1594,LADIES ANGUTHI,14NO,407-5,GOLD,22 Ct,0,81
1595L1,1595,ATTACHED CHAIN POTE,DEFAULT,764-5,GOLD,22 Ct,0,10
1596L1,1596,LONG PATTI POTE,26INCH,769-5,GOLD,22 Ct,0,39
1597L104,1597,DESIGNER POTE,30INCH,773-5,GOLD,22 Ct,0,37
1598L1,1598,GENTS FANCY ANGUTHI,22NO,754-5,GOLD,22 Ct,0,30
1599L1,1599,GENTS CASTING ANGUTHI,23NO,142-5,GOLD,22 Ct,0,84
159L1,159,CHAIN PADAK,DEFAULT,149-5,GOLD,22 Ct,0,145
15L1,15,ANGUTHI LADIES,30INCH,131-5,GOLD,22 Ct,0,20
15L11,15,ANGUTHI LADIES,14NO,131-5,GOLD,22 Ct,0,60
15L16,15,ANGUTHI LADIES,15NO,131-5,GOLD,22 Ct,0,2
1600L1,1600,,DEFAULT,RG-C(0.38)N(6.104)-KB,DIAMOND,18 Ct/85,0,1
1601L1,1601,,DEFAULT,U ANGUTHI-1,BY PCS,,1,1
1602L1,1602,LONG CHAIN POTE,30INCH,762-5,GOLD,22 Ct,0,71
1603L1,1603,GENTS ANGUTHI,DEFAULT,406-5,GOLD,22 Ct,0,55
1604L1,1604,LADIES ANGUTHI,DEFAULT,407-5,GOLD,22 Ct,0,50
1605L1,1605,BANGLE FANCY 1,2.10INCH,536-5,GOLD,22 Ct,0,1
1606L1,1606,FANCY EARINGS,DEFAULT,748-5,GOLD,22 Ct,0,87
1607L1,1607,FANCY RANI HAR,DEFAULT,787-5,GOLD,22 Ct,0,178
1608L1,1608,.MURTI POKAL-1,DEFAULT,610-10,SILVER,SILVER,0,2
1609L1,1609,CHAIN PADAK CASTING 3.50,DEFAULT,411-5,GOLD,22 Ct,0,1
160L1,160,ANGUTHI GENTS,30INCH,130-5,GOLD,22 Ct,0,2
1610L1,1610,RASSI,22INCH,794-5,GOLD,22 Ct,0,21
1611L1,1611,LADIES CASTING ANGUTHI,9NO,391-5,GOLD,22 Ct,0,42
1612L1,1612,LADIES CASTING ANGUTHI,10NO,391-5,GOLD,22 Ct,0,96
1613L1,1613,LADIES CASTING ANGUTHI,11NO,391-5,GOLD,22 Ct,0,62
1614L1,1614,LADIES CASTING ANGUTHI,14NO,391-5,GOLD,22 Ct,0,130
1615L1,1615,LADIES CASTING ANGUTHI,15NO,391-5,GOLD,22 Ct,0,56
1616L1,1616,BY FANCY KANGAN 2,2.6INCH,803-5,GOLD,22 Ct,0,7
1617L1,1617,LONG PBB,24INCH,759-5,GOLD,22 Ct,0,11
1618L1,1618,FANCY MACHINE CHAIN,24INCH,143-5,GOLD,22 Ct,0,23
1619L1,1619,NAWABI HOLO,18INCH,793-5,GOLD,22 Ct,0,11
161L1,161,ANGUTHI LADIES,6NO,131-5,GOLD,22 Ct,0,5
161L705,161,ANGUTHI LADIES,18NO,131-5,GOLD,22 Ct,0,1
1620L1,1620,,DEFAULT,RL1-C(0.19)N(2.302)-KB,DIAMOND,18 Ct/85,0,1
1621L12,1621,PATLI MACHINE 1,DEFAULT,778-5,GOLD,22 Ct,0,2
1622L1,1622,GENTS CASTING ANGUTHI,13NO,142-5,GOLD,22 Ct,0,4
1623L1,1623,LONG CHAIN POTE,26INCH,762-5,GOLD,22 Ct,0,9
1624L1,1624,GENTS ANGUTHI,8NO,406-5,GOLD,22 Ct,0,3
1625L1,1625,,DEFAULT,RG1-C(0.33)N(6.414)-KB,DIAMOND,18 Ct/85,0,1
1626L1,1626,LADIES ANGUTHI,8NO,407-5,GOLD,22 Ct,0,31
1627L1,1627,GENTS ANGUTHI,23NO,406-5,GOLD,22 Ct,0,44
1628L1,1628,.BICHUDI SILVER-2 [100],DEFAULT,642-10,SILVER,SILVER,0,41
1629L1,1629,BY FANCY KANGAN 2,DEFAULT,803-5,GOLD,22 Ct,0,1
162L1,162,ANGUTHI LADIES,7NO,131-5,GOLD,22 Ct,0,11
1630L1,1630,,DEFAULT,ER-C(0.91)N(4.818)-KB,DIAMOND,18 Ct/85,0,1
1631L1,1631,.PENDENT SILVER-1 [125],DEFAULT,631-10,SILVER,SILVER,0,12
1632L100,1632,,DEFAULT,634-10,SILVER,SILVER,0,57
1633L1,1633,GENTS HOLLOW BRACELET,8INCH,395-5,GOLD,22 Ct,0,42
1634L1,1634,PATLI KANAS 2,2.8INCH,63-5,GOLD,22 Ct,0,1
1635L1,1635,PATLI KANAS 1,2.4INCH,256-5,GOLD,22 Ct,0,2
1636L1,1636,PATLI KANAS 1,2.6INCH,256-5,GOLD,22 Ct,0,2
1637L1,1637,BANGLE KANAS 2,2.5INCH,54-5,GOLD,22 Ct,0,4
1638L1,1638,BANGLE MACHINE 2,2.5INCH,75-5,GOLD,22 Ct,0,23
1639L1,1639,.PENDENT SILVER-1 [100],DEFAULT,661-10,SILVER,SILVER,0,131
163L1,163,CHAIN MACHINE,2.5INCH,132-5,GOLD,22 Ct,0,7
1640L1,1640,BANGLE FANCY 2,2.4INCH,51-5,GOLD,22 Ct,0,5
1641L1,1641,LADIES ANGUTHI,11NO,407-5,GOLD,22 Ct,0,71
1642L1,1642,KARDA,11NO,807-5,GOLD,22 Ct,0,22
1643L1,1643,KARDA,20NO,807-5,GOLD,22 Ct,0,44
1644L1,1644,LADIES CASTING ANGUTHI,DEFAULT,391-5,GOLD,22 Ct,0,52
1645L1,1645,KAJU KATLI,20INCH,799-5,GOLD,22 Ct,0,12
1646L1,1646,KAJU KATLI,18INCH,799-5,GOLD,22 Ct,0,2
1647L1,1647,.KANDORA FANCY BACCHA-1,DEFAULT,586-10,SILVER,SILVER,0,16
1649L1,1649,,DEFAULT,RL1-C(0.3)N(3.41)-KB,DIAMOND,18 Ct/85,0,1
1650L19,1650,INDO-ITALIAN,18INCH,797-5,GOLD,22 Ct,0,3
1651L1,1651,GENTS HOLLOW BRACELET,10INCH,395-5,GOLD,22 Ct,0,2
1652L1,1652,,DEFAULT,RG1-C(0.4)N(5.86)-KB,DIAMOND,18 Ct/85,0,1
1653L1,1653,,DEFAULT,RG1-C(0.65)N(6.81)-RP,DIAMOND,18 Ct/85,0,1
1654L1,1654,LADIES CASTING ANGUTHI,12NO,391-5,GOLD,22 Ct,0,145
1655L1,1655,LADIES FANCY ANGUTHI,12NO,755-5,GOLD,22 Ct,0,22
1656L1,1656,LADIES CASTING ANGUTHI,13NO,391-5,GOLD,22 Ct,0,116
1657L104,1657,LADIES FANCY ANGUTHI,15NO,755-5,GOLD,22 Ct,0,29
1658L1,1658,LADIES FANCY ANGUTHI,16NO,755-5,GOLD,22 Ct,0,10
1659L1,1659,LADIES FANCY ANGUTHI,18NO,755-5,GOLD,22 Ct,0,1
165L2,165,CHAIN HOLO,2.6INCH,141-5,GOLD,22 Ct,0,1
165L38,165,CHAIN HOLO,18INCH,141-5,GOLD,22 Ct,0,7
1660L1,1660,CASTING CHAIN PADAK,DEFAULT,811-5,GOLD,22 Ct,0,131
1661L1,1661,GENTS CASTING ANGUTHI,24NO,142-5,GOLD,22 Ct,0,66
1662L1,1662,BUNCH CHAIN POTE,28INCH,765-5,GOLD,22 Ct,0,48
1663L1,1663,TULSHI MALA BLACK,24INCH,117-5,GOLD,22 Ct,0,8
1664L1,1664,KAJU KATLI,22INCH,799-5,GOLD,22 Ct,0,9
1665L1,1665,FANCY MACHINE CHAIN,DEFAULT,143-5,GOLD,22 Ct,0,19
1666L1,1666,KARDA,17NO,807-5,GOLD,22 Ct,0,34
1667L1,1667,SHORT PBB,22INCH,760-5,GOLD,22 Ct,0,1
1668L1,1668,.ANGUTHI SILVER-1 [130],DEFAULT,564-10,SILVER,SILVER,0,22
1669L1,1669,LONG PBB,28INCH,759-5,GOLD,22 Ct,0,46
166L1,166,,DEFAULT,BRACLETL-C(0.59)N(9.752)-14403A1,DIAMOND,18 Ct/85,0,1
1670L1,1670,LONG PATTI POTE,30INCH,769-5,GOLD,22 Ct,0,84
1671L1,1671,GENTS CASTING ANGUTHI,15NO,142-5,GOLD,22 Ct,0,34
1672L1,1672,GENTS CASTING ANGUTHI,16NO,142-5,GOLD,22 Ct,0,42
1673L1,1673,PATLI MACHINE 1,2.8INCH,778-5,GOLD,22 Ct,0,7
1674L1,1674,LADIES BRACELET,6.5INCH,394-5,GOLD,22 Ct,0,3
1675L1,1675,BY2 BANGLE FANCY 2,2.3INCH,136-5,GOLD,22 Ct,0,1
1676L1,1676,BANGLE FANCY 2,2.2INCH,51-5,GOLD,22 Ct,0,2
1677L1,1677,LONG PBB,30INCH,759-5,GOLD,22 Ct,0,21
1678L1,1678,GENTS ANGUTHI,27NO,406-5,GOLD,22 Ct,0,7
1679L1,1679,KARDA,14NO,807-5,GOLD,22 Ct,0,38
167L1,167,,DEFAULT,BRACLETL-C(0.52)N(8.886)-14404A1,DIAMOND,18 Ct/85,0,1
1680L421,1680,LADIES ANGUTHI,7NO,407-5,GOLD,22 Ct,0,7
1681L1,1681,.ANGUTHI SILVER-1 [75],DEFAULT,561-10,SILVER,SILVER,0,64
1683L1,1683,.KALASH-1,DEFAULT,605-10,SILVER,SILVER,0,2
1684L3,1684,.KALASH EACHING-1,DEFAULT,606-10,SILVER,SILVER,0,1
1685L1,1685,,DEFAULT,TM-C(1.53)N(5.843)-RLJ,DIAMOND,18 Ct/85,0,1
1686L1,1686,PATLI MACHINE 1,2.4INCH,778-5,GOLD,22 Ct,0,4
1687L1,1687,VIRODYA 3 TO 5,DEFAULT,558-10,SILVER,SILVER,0,61
1688L1,1688,,DEFAULT,RL1-C(0.07)N(1.946)-KB,DIAMOND,18 Ct/85,0,1
1689L1,1689,.POT SILVER,DEFAULT,469-10,SILVER,SILVER,0,1
168L1,168,,DEFAULT,BRACLETL-C(0.64)N(10.642)-14412A1,DIAMOND,18 Ct/85,0,1
1690L1,1690,LONG VERTICAL MAL,28INCH,115-5,GOLD,22 Ct,0,12
1691L1,1691,,DEFAULT,NP-C(0.05)N(0.27)-KB,DIAMOND,18 Ct/85,0,1
1692L1010,1692,GENTS CASTING ANGUTHI,26NO,142-5,GOLD,22 Ct,0,11
1693L1,1693,,DEFAULT,NP-C(0.04)N(0.292)-KB,DIAMOND,18 Ct/85,0,1
1694L1,1694,KARDA,19NO,807-5,GOLD,22 Ct,0,29
1695L1,1695,GENTS ANGUTHI,25NO,406-5,GOLD,22 Ct,0,29
1696L1,1696,KARDA,9NO,807-5,GOLD,22 Ct,0,13
1697L1,1697,KARDA,25NO,807-5,GOLD,22 Ct,0,3
1698L1,1698,LONG VERTICAL MAL,26INCH,115-5,GOLD,22 Ct,0,13
1699L1,1699,FANCY KANGAN 1,2.8INCH,126-5,GOLD,22 Ct,0,1
169L1,169,,DEFAULT,BRACLETL-C(1.67)N(13.456)-14424A1,DIAMOND,18 Ct/85,0,1
16L1,16,ANGUTHI LADIES,16NO,131-5,GOLD,22 Ct,0,12
16L10,16,ANGUTHI LADIES,15NO,131-5,GOLD,22 Ct,0,3
16L11,16,ANGUTHI LADIES,32INCH,131-5,GOLD,22 Ct,0,17
1700L1,1700,FANCY MACHINE CHAIN,16INCH,143-5,GOLD,22 Ct,0,7
1701L1,1701,FANCY KANGAN 1,2.6INCH,126-5,GOLD,22 Ct,0,6
1702L1,1702,KARDA,13NO,807-5,GOLD,22 Ct,0,22
1703L1,1703,LADIES ANGUTHI,6NO,407-5,GOLD,22 Ct,0,8
1704L1,1704,GENTS FANCY BRACELET,8INCH,122-5,GOLD,22 Ct,0,24
1705L1,1705,GENTS ANGUTHI,6NO,406-5,GOLD,22 Ct,0,1
1706L1,1706,GENTS CASTING ANGUTHI,30NO,142-5,GOLD,22 Ct,0,1
1708L1,1708,KARDA,18NO,807-5,GOLD,22 Ct,0,43
1709L1,1709,KARDA,22NO,807-5,GOLD,22 Ct,0,20
170L1,170,,DEFAULT,BRACLETL-C(1.06)N(11.423)-14430A1,DIAMOND,18 Ct/85,0,1
1710L1,1710,BANGLE FANCY 4,2.10INCH,48-5,GOLD,22 Ct,0,1
1711L1,1711,SARDAR KADA,2.9INCH,67-5,GOLD,22 Ct,0,2
1712L1,1712,LADIES CASTING ANGUTHI,18NO,391-5,GOLD,22 Ct,0,9
1713L1,1713,BUNCH CHAIN POTE,18INCH,765-5,GOLD,22 Ct,0,10
1714L1,1714,INDO-ITALIAN,20INCH,797-5,GOLD,22 Ct,0,40
1715L1,1715,INDO-ITALIAN,22INCH,797-5,GOLD,22 Ct,0,23
1716L1,1716,DOKIYA,18INCH,815-5,GOLD,22 Ct,0,46
1717L1,1717,LADIES CASTING ANGUTHI,8NO,391-5,GOLD,22 Ct,0,42
1718L1,1718,RASSI <5,16INCH,814-5,GOLD,22 Ct,0,8
1719L1,1719,RASSI <5,18INCH,814-5,GOLD,22 Ct,0,12
171L1,171,,DEFAULT,BRACLETL-C(5.57)N(17.466)-14434A1,DIAMOND,18 Ct/85,0,1
1720L1,1720,KARDA,8NO,807-5,GOLD,22 Ct,0,6
1721L1,1721,KARDA,21NO,807-5,GOLD,22 Ct,0,21
1722L11,1722,.GHILODI-1,DEFAULT,575-10,SILVER,SILVER,0,2
1723L10,1723,.SPOON-1,DEFAULT,580-10,SILVER,SILVER,0,21
1724L1,1724,,DEFAULT,NP-C(0.11)N(0.268)-KB,DIAMOND,18 Ct/85,0,1
1725L1,1725,,DEFAULT,NP-C(0.18)N(0.424)-RP,DIAMOND,18 Ct/85,0,1
1726L1,1726,LADIES FANCY BRACELET,8INCH,791-5,GOLD,22 Ct,0,17
1727L1,1727,LADIES CASTING ANGUTHI,5NO,391-5,GOLD,22 Ct,0,5
1728L1,1728,LADIES CASTING ANGUTHI,7NO,391-5,GOLD,22 Ct,0,17
1729L1,1729,FANCY KAYAMAT CHAIN,DEFAULT,750-5,GOLD,22 Ct,0,39
172L1,172,,DEFAULT,BRACLETL-C(3.25)N(17.51)-14435A1,DIAMOND,18 Ct/85,0,1
1730L1,1730,NAWABI HOLO,24INCH,793-5,GOLD,22 Ct,0,3
1731L1,1731,,DEFAULT,RL1-C(0.13)N(2.544)-KB,DIAMOND,18 Ct/85,0,1
1732L104,1732,KARDA,10NO,807-5,GOLD,22 Ct,0,33
1733L106,1733,KARDA,12NO,807-5,GOLD,22 Ct,0,41
1734L3,1734,LOTUS,20INCH,816-5,GOLD,22 Ct,0,4
1735L1,1735,KARDA,16NO,807-5,GOLD,22 Ct,0,32
1736L1,1736,GENTS ANGUTHI,13NO,406-5,GOLD,22 Ct,0,5
1737L1,1737,,DEFAULT,NE-C(68.97)N(4.906)-10213H1,DIAMOND,18 Ct/85,0,1
1738L1,1738,,DEFAULT,BG-C(8.96)N(36.008)-10219H1,DIAMOND,18 Ct/85,0,1
1739L1,1739,,DEFAULT,BG-C(8.96)N(33.688)-10220H1,DIAMOND,18 Ct/85,0,1
173L1,173,FANCY KANGAN 1,DEFAULT,126-5,GOLD,22 Ct,0,20
1740L1,1740,,DEFAULT,NS-C(11.17)N(42.876)-10222H1,DIAMOND,18 Ct/85,0,1
1741L1,1741,,DEFAULT,BG-C(12)N(18.43)-10227H1,DIAMOND,18 Ct/85,0,1
1742L1,1742,,DEFAULT,BG-C(12)N(19.88)-10228H1,DIAMOND,18 Ct/85,0,1
1743L1,1743,,DEFAULT,NS-C(436.34)N(7.132)-10229H1,DIAMOND,18 Ct/85,0,1
1744L1,1744,,DEFAULT,NS-C(1.17)N(9.066)-10249H1,DIAMOND,18 Ct/85,0,1
1745L1,1745,,DEFAULT,NS-C(1.86)N(19.568)-10253H1,DIAMOND,18 Ct/85,0,1
1746L1,1746,,DEFAULT,NS-C(1.5)N(14.2)-10254H1,DIAMOND,18 Ct/85,0,1
1747L1,1747,,DEFAULT,NE-C(0.63)N(5.224)-10262H1,DIAMOND,18 Ct/85,0,1
1748L1,1748,,DEFAULT,NE-C(0.83)N(7.214)-10265H1,DIAMOND,18 Ct/85,0,1
1749L1,1749,,DEFAULT,NE-C(0.92)N(9.116)-10266H1,DIAMOND,18 Ct/85,0,1
174L1,174,.FULTODA-2,DEFAULT,438-10,SILVER,SILVER,0,2
1750L1,1750,,DEFAULT,NS-C(107.22)N(40.766)-10271H1,DIAMOND,14CT/100,0,1
1751L1,1751,,DEFAULT,NE-C(34.06)N(18.358)-10272H1,DIAMOND,14CT/100,0,1
1752L1,1752,,DEFAULT,ER-C(10.94)N(31.517)-10282H1,DIAMOND,18 Ct/85,0,1
1753L1,1753,,DEFAULT,ER-C(29.65)N(17.48)-10283H1,DIAMOND,18 Ct/85,0,1
1754L1,1754,,DEFAULT,ER-C(29.06)N(17.968)-10284H1,DIAMOND,18 Ct/85,0,1
1755L1,1755,,DEFAULT,NP-C(0.04)N(0.382)-10288H1,DIAMOND,18 Ct/85,0,1
1756L1,1756,,DEFAULT,NP-C(0.04)N(0.462)-10289H1,DIAMOND,18 Ct/85,0,1
1757L1,1757,,DEFAULT,NP-C(0.04)N(0.432)-10290H1,DIAMOND,18 Ct/85,0,1
1758L1,1758,,DEFAULT,NP-C(0.03)N(0.434)-10292H1,DIAMOND,18 Ct/85,0,1
1759L1,1759,,DEFAULT,NP-C(0.03)N(0.354)-10294H1,DIAMOND,18 Ct/85,0,1
175L1,175,CHAIN HOLO,2.7INCH,141-5,GOLD,22 Ct,0,6
175L10,175,CHAIN HOLO,20INCH,141-5,GOLD,22 Ct,0,1
175L11,175,CHAIN HOLO,18INCH,141-5,GOLD,22 Ct,0,1
175L49,175,CHAIN HOLO,22INCH,141-5,GOLD,22 Ct,0,7
1760L1,1760,,DEFAULT,NP-C(0.02)N(0.456)-10295H1,DIAMOND,18 Ct/85,0,1
1761L1,1761,,DEFAULT,NP-C(0.02)N(0.566)-10296H1,DIAMOND,18 Ct/85,0,1
1762L1,1762,,DEFAULT,NP-C(0.03)N(0.574)-10297H1,DIAMOND,18 Ct/85,0,1
1763L1,1763,,DEFAULT,NP-C(0.02)N(0.621)-10298H1,DIAMOND,18 Ct/85,0,1
1764L1,1764,,DEFAULT,NP-C(0.02)N(0.496)-10299H1,DIAMOND,18 Ct/85,0,1
1765L1,1765,,DEFAULT,NP-C(0.02)N(0.656)-10300H1,DIAMOND,18 Ct/85,0,1
1766L1,1766,,DEFAULT,NP-C(0.05)N(0.29)-10302H1,DIAMOND,18 Ct/85,0,1
1767L1,1767,,DEFAULT,NP-C(0.03)N(0.384)-10303H1,DIAMOND,18 Ct/85,0,1
1768L1,1768,,DEFAULT,NP-C(0.03)N(0.474)-10304H1,DIAMOND,18 Ct/85,0,1
1769L1,1769,,DEFAULT,ER-C(0.29)N(2.782)-10515H1,DIAMOND,18 Ct/85,0,1
176L1,176,BABY BRACELET,DEFAULT,110-5,GOLD,22 Ct,0,5
1770L1,1770,,DEFAULT,ER-C(0.49)N(1.861)-10539H1,DIAMOND,18 Ct/85,0,1
1771L1,1771,,DEFAULT,ER-C(0.33)N(3.111)-10541H1,DIAMOND,18 Ct/85,0,1
1772L1,1772,,DEFAULT,ER-C(5.65)N(2.62)-10543H1,DIAMOND,18 Ct/85,0,1
1773L1,1773,,DEFAULT,ER-C(7.97)N(4.606)-10544H1,DIAMOND,18 Ct/85,0,1
1774L1,1774,,DEFAULT,ER-C(0.36)N(3.928)-10545H1,DIAMOND,18 Ct/85,0,1
1775L1,1775,,DEFAULT,ER-C(0.32)N(1.921)-10547H1,DIAMOND,18 Ct/85,0,1
1776L1,1776,,DEFAULT,ER-C(0.16)N(1.848)-10554H1,DIAMOND,18 Ct/85,0,1
1777L1,1777,,DEFAULT,ER-C(0.29)N(2.362)-10559H1,DIAMOND,18 Ct/85,0,1
1778L1,1778,,DEFAULT,ER-C(0.35)N(1.891)-10578H1,DIAMOND,18 Ct/85,0,1
1779L1,1779,,DEFAULT,ER-C(39.62)N(17.836)-10599H1,DIAMOND,14CT/100,0,1
177L1,177,BANGLE KANAS 4,2.3INCH,55-5,GOLD,22 Ct,0,1
1780L1,1780,,DEFAULT,PDG-C(0.15)N(2.88)-10273H1,DIAMOND,18 Ct/85,0,1
1781L1,1781,,DEFAULT,PDG-C(1.5)N(6.29)-10276H1,DIAMOND,18 Ct/85,0,1
1782L1,1782,,DEFAULT,PDG-C(1.45)N(4.84)-10280H1,DIAMOND,18 Ct/85,0,1
1783L1,1783,,DEFAULT,PDG-C(0.53)N(3.094)-10281H1,DIAMOND,18 Ct/85,0,1
1784L1,1784,,DEFAULT,PENDANT  S-C(21.64)N(13.232)-10286H1,DIAMOND,18 Ct/85,0,1
1785L1,1785,,DEFAULT,NP-C(0.04)N(0.342)-10305H1,DIAMOND,18 Ct/85,0,1
1786L1,1786,,DEFAULT,NP-C(0.02)N(0.146)-10306H1,DIAMOND,18 Ct/85,0,1
1787L1,1787,,DEFAULT,NP-C(0.02)N(0.096)-10309H1,DIAMOND,18 Ct/85,0,1
1788L1,1788,,DEFAULT,NP-C(0.02)N(0.126)-10314H1,DIAMOND,18 Ct/85,0,1
1789L1,1789,,DEFAULT,NP-C(0.02)N(0.116)-10316H1,DIAMOND,18 Ct/85,0,1
178L1,178,PATLI KANAS 2,2.3INCH,63-5,GOLD,22 Ct,0,1
1790L1,1790,,DEFAULT,NP-C(0.02)N(0.106)-10317H1,DIAMOND,18 Ct/85,0,1
1791L1,1791,,DEFAULT,NP-C(0.02)N(0.096)-10318H1,DIAMOND,18 Ct/85,0,1
1792L1,1792,,DEFAULT,NP-C(0.02)N(0.126)-10319H1,DIAMOND,18 Ct/85,0,1
1793L1,1793,,DEFAULT,NP-C(0.02)N(0.096)-10320H1,DIAMOND,18 Ct/85,0,1
1794L1,1794,,DEFAULT,NP-C(0.02)N(0.106)-10323H1,DIAMOND,18 Ct/85,0,1
1795L1,1795,,DEFAULT,NP-C(0.02)N(0.136)-10324H1,DIAMOND,18 Ct/85,0,1
1796L1,1796,,DEFAULT,NP-C(0.02)N(0.106)-10325H1,DIAMOND,18 Ct/85,0,1
1797L1,1797,,DEFAULT,NP-C(0.02)N(0.136)-10326H1,DIAMOND,18 Ct/85,0,1
1798L1,1798,,DEFAULT,NP-C(0.02)N(0.126)-10328H1,DIAMOND,18 Ct/85,0,1
1799L1,1799,,DEFAULT,NP-C(0.02)N(0.116)-10329H1,DIAMOND,18 Ct/85,0,1
179L10,179,BANGLE KANAS 4,2.4INCH,55-5,GOLD,22 Ct,0,3
179L11,179,BANGLE KANAS 4,2.6INCH,55-5,GOLD,22 Ct,0,2
179L12,179,BANGLE KANAS 4,DEFAULT,55-5,GOLD,22 Ct,0,6
17L1,17,ANGUTHI LADIES,4NO,131-5,GOLD,22 Ct,0,12
17L2,17,ANGUTHI LADIES,16NO,131-5,GOLD,22 Ct,0,2
1800L1,1800,,DEFAULT,NP-C(0.02)N(0.476)-10330H1,DIAMOND,18 Ct/85,0,1
1801L1,1801,,DEFAULT,NP-C(0.02)N(0.676)-10331H1,DIAMOND,18 Ct/85,0,1
1802L1,1802,,DEFAULT,NP-C(0.02)N(0.366)-10332H1,DIAMOND,18 Ct/85,0,1
1803L1,1803,,DEFAULT,NP-C(0.08)N(0.344)-10334H1,DIAMOND,18 Ct/85,0,1
1804L1,1804,,DEFAULT,NP-C(0.04)N(0.372)-10335H1,DIAMOND,18 Ct/85,0,1
1805L1,1805,,DEFAULT,NP-C(0.05)N(0.4)-10337H1,DIAMOND,18 Ct/85,0,1
1806L1,1806,,DEFAULT,NP-C(0.04)N(0.352)-10339H1,DIAMOND,18 Ct/85,0,1
1807L1,1807,,DEFAULT,NP-C(0.06)N(0.388)-10340H1,DIAMOND,18 Ct/85,0,1
1808L1,1808,,DEFAULT,NP-C(0.03)N(0.434)-10341H1,DIAMOND,18 Ct/85,0,1
1809L1,1809,,DEFAULT,NP-C(0.04)N(0.332)-10343H1,DIAMOND,18 Ct/85,0,1
180L1,180,,DEFAULT,BG-C(3.74)N(28.202)-14339A1,DIAMOND,18 Ct/85,0,1
1810L1,1810,,DEFAULT,NP-C(0.04)N(0.402)-10344H1,DIAMOND,18 Ct/85,0,1
1811L1,1811,,DEFAULT,NP-C(0.02)N(0.741)-10345H1,DIAMOND,18 Ct/85,0,1
1812L1,1812,,DEFAULT,NP-C(0.03)N(0.684)-10346H1,DIAMOND,18 Ct/85,0,1
1813L1,1813,,DEFAULT,NP-C(0.04)N(0.252)-10347H1,DIAMOND,18 Ct/85,0,1
1814L1,1814,,DEFAULT,NP-C(0.02)N(0.456)-10348H1,DIAMOND,18 Ct/85,0,1
1815L1,1815,,DEFAULT,NP-C(0.04)N(0.532)-10349H1,DIAMOND,18 Ct/85,0,1
1816L1,1816,,DEFAULT,NP-C(0.01)N(0.318)-10350H1,DIAMOND,18 Ct/85,0,1
1817L1,1817,,DEFAULT,NP-C(0.02)N(0.406)-10351H1,DIAMOND,18 Ct/85,0,1
1818L1,1818,,DEFAULT,NP-C(0.04)N(0.452)-10352H1,DIAMOND,18 Ct/85,0,1
1819L1,1819,,DEFAULT,NP-C(0.04)N(0.472)-10353H1,DIAMOND,18 Ct/85,0,1
181L1,181,,DEFAULT,BG-C(2.15)N(12.22)-14340A1,DIAMOND,18 Ct/85,0,1
1820L1,1820,,DEFAULT,PENDANT  S-C(0.19)N(1.242)-10356H1,DIAMOND,18 Ct/85,0,1
1821L1,1821,,DEFAULT,PENDANT  S-C(1.26)N(2.088)-10365H1,DIAMOND,18 Ct/85,0,1
1822L1,1822,,DEFAULT,PENDANT  S-C(0.87)N(3.556)-10366H1,DIAMOND,18 Ct/85,0,1
1823L1,1823,,DEFAULT,PENDANT  S-C(1.12)N(3.116)-10367H1,DIAMOND,18 Ct/85,0,1
1824L1,1824,,DEFAULT,TM-C(0.22)N(1.116)-10372H1,DIAMOND,18 Ct/85,0,1
1825L1,1825,,DEFAULT,TM-C(1.1)N(9.33)-10378H1,DIAMOND,18 Ct/85,0,1
1826L1,1826,,DEFAULT,TM-C(1.3)N(4.17)-10381H1,DIAMOND,18 Ct/85,0,1
1827L1,1827,,DEFAULT,TM-C(1.38)N(7.924)-10383H1,DIAMOND,18 Ct/85,0,1
1828L1,1828,,DEFAULT,TM-C(0.67)N(4.106)-10385H1,DIAMOND,18 Ct/85,0,1
1829L1,1829,,DEFAULT,TM-C(1.06)N(3.219)-10389H1,DIAMOND,18 Ct/85,0,1
182L1,182,,DEFAULT,BG-C(2.15)N(12.85)-14341A1,DIAMOND,18 Ct/85,0,1
1830L1,1830,,DEFAULT,TM-C(0.67)N(4.266)-10391H1,DIAMOND,18 Ct/85,0,1
1831L1,1831,,DEFAULT,TM-C(0.59)N(3.302)-10396H1,DIAMOND,18 Ct/85,0,1
1832L1,1832,,DEFAULT,PDG-C(0.06)N(1.438)-10400H1,DIAMOND,18 Ct/85,0,1
1833L1,1833,,DEFAULT,PDG-C(0.19)N(0.932)-10409H1,DIAMOND,18 Ct/85,0,1
1834L1,1834,,DEFAULT,PDG-C(0.11)N(1.158)-10414H1,DIAMOND,18 Ct/85,0,1
1835L1,1835,,DEFAULT,NP-C(0.29)N(1.892)-10420H1,DIAMOND,18 Ct/85,0,1
1836L1,1836,,DEFAULT,TM-C(0.79)N(3.382)-10439H1,DIAMOND,18 Ct/85,0,1
1837L1,1837,,DEFAULT,TM-C(0.87)N(4.846)-10441H1,DIAMOND,18 Ct/85,0,1
1838L1,1838,,DEFAULT,NP-C(0.1)N(0.39)-10464H1,DIAMOND,18 Ct/85,0,1
1839L1,1839,,DEFAULT,TM-C(1.38)N(4.684)-10470H1,DIAMOND,18 Ct/85,0,1
183L1,183,,DEFAULT,BG-C(5.69)N(21.312)-14343A1,DIAMOND,18 Ct/85,0,1
1840L1,1840,,DEFAULT,TM-C(1.36)N(4.872)-10471H1,DIAMOND,18 Ct/85,0,1
1841L1,1841,,DEFAULT,TM-C(1.21)N(4.21)-10473H1,DIAMOND,18 Ct/85,0,1
1842L1,1842,,DEFAULT,NP-C(0.01)N(0.208)-10491H1,DIAMOND,18 Ct/85,0,1
1843L1,1843,,DEFAULT,NP-C(0.02)N(0.096)-10492H1,DIAMOND,18 Ct/85,0,1
1844L1,1844,,DEFAULT,NP-C(0.03)N(0.294)-10493H1,DIAMOND,18 Ct/85,0,1
1845L1,1845,,DEFAULT,PENDANT  S-C(25.34)N(13.522)-10601H1,DIAMOND,14CT/100,0,1
1846L1,1846,,DEFAULT,PENDANT  S-C(74.48)N(12.254)-10602H1,DIAMOND,14CT/100,0,1
1847L1,1847,,DEFAULT,PENDANT  S-C(32.18)N(7.741)-10603H1,DIAMOND,14CT/100,0,1
1848L1,1848,,DEFAULT,PENDANT  S-C(80.21)N(19.958)-10604H1,DIAMOND,14CT/100,0,1
1849L1,1849,,DEFAULT,PENDANT  S-C(20.48)N(7.44)-10605H1,DIAMOND,14CT/100,0,1
184L1,184,,DEFAULT,BG-C(3.11)N(21.848)-14359A1,DIAMOND,18 Ct/85,0,1
1850L1,1850,,DEFAULT,PENDANT  S-C(27.67)N(8.584)-10606H1,DIAMOND,14CT/100,0,1
1851L1,1851,,DEFAULT,PENDANT  S-C(49.68)N(12.362)-10607H1,DIAMOND,14CT/100,0,1
1852L1,1852,,DEFAULT,PENDANT  S-C(20.02)N(5.516)-10608H1,DIAMOND,14CT/100,0,1
1853L1,1853,,DEFAULT,PENDANT  S-C(28.71)N(9.616)-10609H1,DIAMOND,14CT/100,0,1
1854L1,1854,,DEFAULT,PE-C(40.69)N(28.892)-10625H1,DIAMOND,18 Ct/85,0,1
1855L1,1855,,DEFAULT,PENDANT  S-C(0.26)N(1.858)-10631H1,DIAMOND,18 Ct/85,0,1
1856L1,1856,,DEFAULT,PE-C(0.23)N(2.464)-10632H1,DIAMOND,18 Ct/85,0,1
1857L1,1857,,DEFAULT,PENDANT  S-C(0.11)N(0.998)-10633H1,DIAMOND,18 Ct/85,0,1
1858L1,1858,,DEFAULT,PE-C(0.19)N(3.002)-10634H1,DIAMOND,18 Ct/85,0,1
1859L1,1859,,DEFAULT,PENDANT  S-C(0.25)N(3.5)-10643H1,DIAMOND,18 Ct/85,0,1
185L1,185,,DEFAULT,BG-C(3.09)N(21.912)-14360A1,DIAMOND,18 Ct/85,0,1
1860L1,1860,,DEFAULT,PE-C(0.15)N(2.92)-10644H1,DIAMOND,18 Ct/85,0,1
1861L1,1861,,DEFAULT,PENDANT  S-C(0.39)N(2.402)-10647H1,DIAMOND,18 Ct/85,0,1
1862L1,1862,,DEFAULT,PE-C(0.34)N(3.692)-10648H1,DIAMOND,18 Ct/85,0,1
1863L1,1863,,DEFAULT,PE-C(0.21)N(2.388)-10653H1,DIAMOND,18 Ct/85,0,1
1864L1,1864,,DEFAULT,PE-C(0.12)N(3.066)-10655H1,DIAMOND,18 Ct/85,0,1
1865L1,1865,,DEFAULT,PENDANT  S-C(0.21)N(2.208)-10656H1,DIAMOND,18 Ct/85,0,1
1866L1,1866,,DEFAULT,PE-C(0.21)N(2.758)-10657H1,DIAMOND,18 Ct/85,0,1
1867L1,1867,,DEFAULT,PENDANT  S-C(0.2)N(2.05)-10666H1,DIAMOND,18 Ct/85,0,1
1868L1,1868,,DEFAULT,PE-C(0.24)N(3.552)-10667H1,DIAMOND,18 Ct/85,0,1
1869L1,1869,,DEFAULT,PENDANT  S-C(0.36)N(2.128)-10668H1,DIAMOND,18 Ct/85,0,1
186L1,186,,DEFAULT,BG-C(4.91)N(34.118)-14363A1,DIAMOND,18 Ct/85,0,1
1870L1,1870,,DEFAULT,PENDANT  S-C(0.43)N(2.154)-10669H1,DIAMOND,18 Ct/85,0,1
1871L1,1871,,DEFAULT,PE-C(0.2)N(2.32)-10670H1,DIAMOND,18 Ct/85,0,1
1872L1,1872,,DEFAULT,PENDANT  S-C(0.3)N(2.22)-10674H1,DIAMOND,18 Ct/85,0,1
1873L1,1873,,DEFAULT,PE-C(0.33)N(3.254)-10675H1,DIAMOND,18 Ct/85,0,1
1874L1,1874,,DEFAULT,PE-C(0.51)N(3.698)-10684H1,DIAMOND,18 Ct/85,0,1
1875L1,1875,,DEFAULT,PE-C(1.68)N(4.534)-10686H1,DIAMOND,18 Ct/85,0,1
1876L1,1876,,DEFAULT,PE-C(3.02)N(10.466)-10690H1,DIAMOND,18 Ct/85,0,1
1877L1,1877,,DEFAULT,PENDANTL-C(0.47)N(4.476)-10691H1,DIAMOND,18 Ct/85,0,1
1878L1,1878,,DEFAULT,PENDANTL-C(0.46)N(2.508)-10692H1,DIAMOND,18 Ct/85,0,1
1879L1,1879,,DEFAULT,PENDANTL-C(1.25)N(2.71)-10693H1,DIAMOND,18 Ct/85,0,1
187L1,187,,DEFAULT,BG-C(2.02)N(12.416)-14369A1,DIAMOND,18 Ct/85,0,1
1880L1,1880,,DEFAULT,PENDANTL-C(0.22)N(2.166)-10694H1,DIAMOND,18 Ct/85,0,1
1881L1,1881,,DEFAULT,PENDANT  S-C(0.25)N(1.95)-10726H1,DIAMOND,18 Ct/85,0,1
1882L1,1882,,DEFAULT,PE-C(0.28)N(2.674)-10727H1,DIAMOND,18 Ct/85,0,1
1883L1,1883,,DEFAULT,PE-C(0.16)N(2.248)-10731H1,DIAMOND,18 Ct/85,0,1
1884L1,1884,,DEFAULT,PENDANT  S-C(0.13)N(1.754)-10732H1,DIAMOND,18 Ct/85,0,1
1885L1,1885,,DEFAULT,PE-C(0.26)N(2.198)-10750H1,DIAMOND,18 Ct/85,0,1
1886L1,1886,,DEFAULT,PENDANT  S-C(2.36)N(2.328)-10757H1,DIAMOND,18 Ct/85,0,1
1887L1,1887,,DEFAULT,PE-C(2.85)N(2.94)-10758H1,DIAMOND,18 Ct/85,0,1
1888L1,1888,,DEFAULT,PENDANT  S-C(0.16)N(1.668)-10764H1,DIAMOND,18 Ct/85,0,1
1889L1,1889,,DEFAULT,PE-C(0.18)N(2.814)-10765H1,DIAMOND,18 Ct/85,0,1
188L1,188,,DEFAULT,BG-C(2.01)N(11.818)-14370A1,DIAMOND,18 Ct/85,0,1
1890L1,1890,,DEFAULT,PENDANT  S-C(2.41)N(2.028)-10776H1,DIAMOND,18 Ct/85,0,1
1891L1,1891,,DEFAULT,PE-C(2.72)N(2.846)-10777H1,DIAMOND,18 Ct/85,0,1
1892L1,1892,,DEFAULT,PENDANT  S-C(0.28)N(1.864)-10778H1,DIAMOND,18 Ct/85,0,1
1893L1,1893,,DEFAULT,PE-C(0.26)N(2.578)-10779H1,DIAMOND,18 Ct/85,0,1
1894L1,1894,,DEFAULT,PENDANT  S-C(1.4)N(2.36)-10780H1,DIAMOND,18 Ct/85,0,1
1895L1,1895,,DEFAULT,PE-C(2.08)N(3.774)-10781H1,DIAMOND,18 Ct/85,0,1
1896L1,1896,,DEFAULT,PENDANT  S-C(0.2)N(1.45)-10784H1,DIAMOND,18 Ct/85,0,1
1897L1,1897,,DEFAULT,PE-C(0.21)N(2.098)-10785H1,DIAMOND,18 Ct/85,0,1
1898L1,1898,,DEFAULT,PE-C(1.37)N(6.542)-10798H1,DIAMOND,18 Ct/85,0,1
1899L1,1899,,DEFAULT,PENDANT  S-C(0.22)N(1.656)-10803H1,DIAMOND,18 Ct/85,0,1
189L1,189,,DEFAULT,BG-C(2.39)N(13.012)-14371A1,DIAMOND,18 Ct/85,0,1
18L1,18,ANGUTHI LADIES,5NO,131-5,GOLD,22 Ct,0,3
1900L1,1900,,DEFAULT,PE-C(0.39)N(2.812)-10804H1,DIAMOND,18 Ct/85,0,1
1901L1,1901,,DEFAULT,RG1-C(0.46)N(4.928)-10806H1,DIAMOND,18 Ct/85,0,1
1902L1,1902,,DEFAULT,RL1-C(0.24)N(1.922)-10817H1,DIAMOND,18 Ct/85,0,1
1903L1,1903,,DEFAULT,RL1-C(0.02)N(1.546)-10852H1,DIAMOND,18 Ct/85,0,1
1904L1,1904,,DEFAULT,RL1-C(0.09)N(2.112)-10859H1,DIAMOND,18 Ct/85,0,1
1905L1,1905,,DEFAULT,RG1-C(0.29)N(6.572)-10868H1,DIAMOND,18 Ct/85,0,1
1906L1,1906,,DEFAULT,RG1-C(0.27)N(4.926)-10871H1,DIAMOND,18 Ct/85,0,1
1907L1,1907,,DEFAULT,RG1-C(0.22)N(5.396)-10886H1,DIAMOND,18 Ct/85,0,1
1908L1,1908,,DEFAULT,RG1-C(0.56)N(6.978)-10911H1,DIAMOND,18 Ct/85,0,1
1909L1,1909,,DEFAULT,PENDANT  S-C(35.73)N(6.389)-10936H1,DIAMOND,14CT/100,0,1
190L1,190,,DEFAULT,BG-C(2.36)N(12.968)-14372A1,DIAMOND,18 Ct/85,0,1
1910L1,1910,,DEFAULT,PE-C(29.5)N(7.3)-10937H1,DIAMOND,14CT/100,0,1
1911L1,1911,,DEFAULT,RL1-C(7.08)N(4.272)-10938H1,DIAMOND,14CT/100,0,1
1912L1,1912,,DEFAULT,PE-C(26.88)N(8.634)-10939H1,DIAMOND,14CT/100,0,1
1913L1,1913,,DEFAULT,RL1-C(4.02)N(3.544)-10940H1,DIAMOND,14CT/100,0,1
1914L1,1914,,DEFAULT,PE-C(21.69)N(11.578)-10941H1,DIAMOND,14CT/100,0,1
1915L1,1915,,DEFAULT,PE-C(69.41)N(20.313)-10942H1,DIAMOND,14CT/100,0,1
1916L1,1916,,DEFAULT,PE-C(24.77)N(14.366)-10943H1,DIAMOND,14CT/100,0,1
1917L1,1917,,DEFAULT,PE-C(39.53)N(16.204)-10944H1,DIAMOND,14CT/100,0,1
1918L1,1918,,DEFAULT,PE-C(39.98)N(15.034)-10945H1,DIAMOND,14CT/100,0,1
1919L1,1919,,DEFAULT,PE-C(36.02)N(9.307)-10946H1,DIAMOND,14CT/100,0,1
191L1,191,,DEFAULT,BG-C(1.63)N(18.234)-14385A1,DIAMOND,18 Ct/85,0,1
1920L1,1920,,DEFAULT,PE-C(44.22)N(18.676)-10947H1,DIAMOND,14CT/100,0,1
1921L1,1921,,DEFAULT,PE-C(24.5)N(10.034)-10948H1,DIAMOND,14CT/100,0,1
1922L1,1922,,DEFAULT,PE-C(13.22)N(8.486)-10949H1,DIAMOND,14CT/100,0,1
1923L1,1923,,DEFAULT,PENDANT  S-C(0.17)N(1.706)-10954H1,DIAMOND,18 Ct/85,0,1
1924L1,1924,,DEFAULT,PENDANT  S-C(0.18)N(3.084)-10956H1,DIAMOND,18 Ct/85,0,1
1925L1,1925,,DEFAULT,RL1-C(0.04)N(1.652)-10958H1,DIAMOND,18 Ct/85,0,1
1926L1,1926,,DEFAULT,PENDANT  S-C(5.06)N(12.508)-10369H1,DIAMOND,18 Ct/85,0,1
1927L1,1927,,DEFAULT,PENDANT  S-C(0.77)N(4.396)-10411H1,DIAMOND,18 Ct/85,0,1
1928L1,1928,,DEFAULT,PENDANT  S-C(50.41)N(11.188)-10600H1,DIAMOND,14CT/100,0,1
1929L1,1929,,DEFAULT,IT. PENDAN-C(0)N(7.15)-10706H1,DIAMOND,18 Ct/85,0,1
192L1,192,,DEFAULT,BG-C(1.63)N(18.224)-14386A1,DIAMOND,18 Ct/85,0,1
1930L1,1930,,DEFAULT,IT. PENDAN-C(0)N(13.12)-10707H1,DIAMOND,18 Ct/85,0,1
1931L1,1931,,DEFAULT,IT. PENDAN-C(0)N(7.04)-10708H1,DIAMOND,18 Ct/85,0,1
1932L1,1932,,DEFAULT,IT. PENDAN-C(0)N(6.39)-10913H1,DIAMOND,14CT/68,0,1
1933L1,1933,,DEFAULT,IT. PENDAN-C(0)N(3.04)-10918H1,DIAMOND,18 Ct/85,0,1
1934L1,1934,,DEFAULT,IT. PENDAN-C(0)N(3.81)-10919H1,DIAMOND,18 Ct/85,0,1
1935L1,1935,,DEFAULT,IT. PENDAN-C(0)N(9.07)-10920H1,DIAMOND,18 Ct/85,0,1
1936L1,1936,,DEFAULT,IT. PENDAN-C(0)N(7.02)-10922H1,DIAMOND,18 Ct/85,0,1
1937L1,1937,BANGLE FANCY 2,2.7INCH,51-5,GOLD,22 Ct,0,3
1938L1,1938,BANGLE FANCY 2,2.5INCH,51-5,GOLD,22 Ct,0,8
1939L1,1939,NAWABI HOLO,DEFAULT,793-5,GOLD,22 Ct,0,6
193L1,193,,DEFAULT,BRG-C(2.65)N(27.58)-14399A1,DIAMOND,18 Ct/85,0,1
1940L1,1940,BY PATLI MACHINE 2,2.5INCH,780-5,GOLD,22 Ct,0,1
1941L1,1941,BY BANGLE MACHINE 2,2.4INCH,776-5,GOLD,22 Ct,0,1
1942L1,1942,,DEFAULT,U KADA BRACLET-1-2000,BY PCS,,1,1
1943L1,1943,,DEFAULT,U KADA-1700,BY PCS,,1,1
1944L1,1944,,DEFAULT,U FERVA,BY PCS,,1,1
1945L1,1945,LONG PATTI POTE,32INCH,769-5,GOLD,22 Ct,0,8
1946L1,1946,LADIES CASTING ANGUTHI,19NO,391-5,GOLD,22 Ct,0,3
1947L1,1947,AAKDA,DEFAULT,270-5,GOLD,22 Ct,0,1
1948L1,1948,GENTS FANCY BRACELET,10INCH,122-5,GOLD,22 Ct,0,3
1949L1,1949,KAJU KATLI,DEFAULT,799-5,GOLD,22 Ct,0,2
194L1,194,,DEFAULT,BRG-C(2.29)N(25.152)-14420A1,DIAMOND,18 Ct/85,0,1
1950L1,1950,FANCY KANSAKLI,DEFAULT,749-5,GOLD,22 Ct,0,16
1951L1,1951,GENTS CASTING ANGUTHI,27NO,142-5,GOLD,22 Ct,0,5
1952L1,1952,LADIES ANGUTHI,19NO,407-5,GOLD,22 Ct,0,2
1953L1,1953,,DEFAULT,CHN0-2800,BY PCS,,1,1
1954L1,1954,,DEFAULT,BHN2-5850,BY PCS,,1,1
1955L1,1955,,DEFAULT,U BANGALS-3100,BY PCS,,1,1
1956L1,1956,,DEFAULT,SHRIMAHAVIR-1500,BY PCS,,1,1
1957L1,1957,,DEFAULT,SHRIBUDDH-1800,BY PCS,,1,1
1958L1,1958,,DEFAULT,SHRIGANESHJI-9950,BY PCS,,1,1
1959L1,1959,,DEFAULT,SHRIGANESHJI-10410,BY PCS,,1,1
195L1,195,,DEFAULT,TM-C(0.52)N(3.266)-14438A1,DIAMOND,18 Ct/85,0,1
1960L1,1960,,DEFAULT,WATCH-675,BY PCS,,1,1
1961L1,1961,,DEFAULT,SHRIBALAJI-9000,BY PCS,,1,1
1962L1,1962,,DEFAULT,SHRIHANUMAN-11000,BY PCS,,1,1
1963L1,1963,,DEFAULT,SHRIGANESHJI-6770,BY PCS,,1,1
1964L1,1964,,DEFAULT,SHRIBALAJI-1200,BY PCS,,1,1
1965L1,1965,,DEFAULT,SHRIBALAJI-100,BY PCS,,1,1
1966L1,1966,,DEFAULT,SHRILAXMIJI-100,BY PCS,,1,1
1967L1,1967,,DEFAULT,SHRILAXMIJI-9000,BY PCS,,1,1
1968L1,1968,,DEFAULT,NP-C(0.09)N(0.362)-RP,DIAMOND,18 Ct/85,0,1
1969L1,1969,,DEFAULT,SHRI GANESHJI-2000,BY PCS,,1,1
196L1,196,,DEFAULT,TM-C(0.52)N(2.756)-14446A1,DIAMOND,18 Ct/85,0,1
1970L1,1970,,DEFAULT,SHRI GANESHJI-2900,BY PCS,,1,1
1971L1,1971,,DEFAULT,SHRIMAHAVIR-2600,BY PCS,,1,1
1972L1,1972,,DEFAULT,SHRIPARSHWANATH-5500,BY PCS,,1,1
1973L1,1973,,DEFAULT,GPLATEDFREM-3500,BY PCS,,1,1
1974L1,1974,,DEFAULT,SHRI SHRINATHJI-9000,BY PCS,,1,1
1975L1,1975,,DEFAULT,SHRI SAIBABA,BY PCS,,1,1
1976L1,1976,,DEFAULT,SHRI SAIBABA-2600,BY PCS,,1,1
1977L1,1977,,DEFAULT,SHRI SAIBABA-5100,BY PCS,,1,1
1978L1,1978,,DEFAULT,SHRI MAHAVIR,BY PCS,,1,1
1979L1,1979,,DEFAULT,SHRI GANESHJI-1500,BY PCS,,1,1
197L1,197,,DEFAULT,TM-C(0.21)N(0.968)-14458A1,DIAMOND,18 Ct/85,0,1
1980L1,1980,,DEFAULT,SHRI GANESHJI-18000,BY PCS,,1,1
1981L1,1981,,DEFAULT,SHRI GANESHJI-5130,BY PCS,,1,1
1982L1,1982,,DEFAULT,SHRI RADHA KRUSHNA-6500,BY PCS,,1,1
1983L1,1983,,DEFAULT,SHRI RADHA KRISHNA-45000,BY PCS,,1,1
1984L1,1984,,DEFAULT,SHRI RAMDARBAR-6500,BY PCS,,1,1
1985L1,1985,,DEFAULT,SHRI SHANKARJI-1300,BY PCS,,1,1
1986L1,1986,,DEFAULT,SHRI SHANKARJI-5000,BY PCS,,1,1
1987L1,1987,,DEFAULT,CRISTAL-700,BY PCS,,1,1
1988L1,1988,,DEFAULT,CRISTAL-1300,BY PCS,,1,1
1989L1,1989,,DEFAULT,CRISTAL-1700,BY PCS,,1,1
198L1,198,,DEFAULT,TM-C(0.87)N(2.546)-14499A1,DIAMOND,18 Ct/85,0,1
1990L1,1990,,DEFAULT,PARSHWANATHJI-12000,BY PCS,,1,1
1991L1,1991,,DEFAULT,SHRI RADHAKRUSNA-4350,BY PCS,,1,1
1992L1,1992,,DEFAULT,SHRI RADHAKRUSHNAJI-10000,BY PCS,,1,1
1993L1,1993,,DEFAULT,PATTAPOTELONG-1350,BY PCS,,1,1
1994L1,1994,,DEFAULT,POTE PADAK-SHORT,BY PCS,,1,1
1995L1,1995,,DEFAULT,POTE PADAK-1LINE,BY PCS,,1,1
1996L1,1996,,DEFAULT,SINGALKADA-1-1200,BY PCS,,1,1
1997L1,1997,,DEFAULT,U ADBANGALS-2000,BY PCS,,1,1
1998L1,1998,,DEFAULT,BAJUBANDH-1700,BY PCS,,1,1
1999L1,1999,,DEFAULT,BAJUBANDH-600,BY PCS,,1,1
199L1,199,,DEFAULT,TM-C(0.78)N(4.784)-14509A1,DIAMOND,18 Ct/85,0,1
19L1,19,BRACELET GENTS HOLLOW,16INCH,43-5,GOLD,22 Ct,0,11
19L100,19,BRACELET GENTS HOLLOW,8INCH,43-5,GOLD,22 Ct,0,100
1L1,1,BANGLE FANCY 4,2.5INCH,48-5,GOLD,22 Ct,0,9
1L13,1,BANGLE FANCY 4,2.6INCH,48-5,GOLD,22 Ct,0,15
1L2,1,BANGLE FANCY 4,2.4INCH,48-5,GOLD,22 Ct,0,6
2000L1,2000,,DEFAULT,BAJUBANDH-900,BY PCS,,1,1
2001L1,2001,,DEFAULT,LAGHTER-800,BY PCS,,1,1
2002L1,2002,,DEFAULT,U ADBANGALS-2200,BY PCS,,1,1
2003L1,2003,,DEFAULT,GENTS BRASLET-2200,BY PCS,,1,1
2004L1,2004,,DEFAULT,BRACLET-1500,BY PCS,,1,1
2005L1,2005,,DEFAULT,BRACLET=2000,BY PCS,,1,1
2006L1,2006,,DEFAULT,BRACLET-2500,BY PCS,,1,1
2007L1,2007,,DEFAULT,GAJERE-2200,BY PCS,,1,1
2008L1,2008,,DEFAULT,HARSETBIG-1,BY PCS,,1,1
2009L1,2009,,DEFAULT,HARSETMINI-1,BY PCS,,1,1
200L1,200,,DEFAULT,PENDANTL-C(0.34)N(1.972)-14520A1,DIAMOND,18 Ct/85,0,1
2010L1,2010,,DEFAULT,THUSHI-2000,BY PCS,,1,1
2011L1,2011,,DEFAULT,MOHANMALA-2,BY PCS,,1,1
2012L1,2012,,DEFAULT,MOHANMALA-3,BY PCS,,1,1
2013L1,2013,,DEFAULT,HARSET-1,BY PCS,,1,1
2014L1,2014,,DEFAULT,HAR CHAIN-300,BY PCS,,1,1
2015L1,2015,,DEFAULT,HAR CHAIN-700,BY PCS,,1,1
2016L1,2016,,DEFAULT,BANGLE-1800,BY PCS,,1,1
2017L1,2017,,DEFAULT,BANGLE-2100,BY PCS,,1,1
2018L1,2018,,DEFAULT,BANGLE-1250,BY PCS,,1,1
2019L1,2019,,DEFAULT,BANGLE-2000,BY PCS,,1,1
201L1,201,,DEFAULT,PENDANTL-C(0.26)N(2.888)-14531A1,DIAMOND,18 Ct/85,0,1
2020L1,2020,,DEFAULT,BANGLE-2200,BY PCS,,1,1
2021L1,2021,,DEFAULT,BANGLE-2500,BY PCS,,1,1
2022L1,2022,,DEFAULT,BANGLE-2800,BY PCS,,1,1
2023L1,2023,,DEFAULT,BANGLE-3000.,BY PCS,,1,1
2024L1,2024,,DEFAULT,RANI HAR SET-BIG,BY PCS,,1,1
2025L1,2025,,DEFAULT,SET EARING-500,BY PCS,,1,1
2026L1,2026,,DEFAULT,SET EARING-600,BY PCS,,1,1
2027L1,2027,,DEFAULT,SET EARING-700,BY PCS,,1,1
2028L1,2028,,DEFAULT,SET EARING-800,BY PCS,,1,1
2029L1,2029,,DEFAULT,SET EARING-900,BY PCS,,1,1
202L1,202,,DEFAULT,PENDANTL-C(0.96)N(2.648)-14539A1,DIAMOND,18 Ct/85,0,1
2030L1,2030,,DEFAULT,SET EARIN-960,BY PCS,,1,1
2031L1,2031,,DEFAULT,SET EARING-1000,BY PCS,,1,1
2032L1,2032,,DEFAULT,SET EARING-1100,BY PCS,,1,1
2033L1,2033,,DEFAULT,SET EARING-1200,BY PCS,,1,1
2034L1,2034,,DEFAULT,SET EARING-1300,BY PCS,,1,1
2035L1,2035,,DEFAULT,SET EARING-1400,BY PCS,,1,1
2036L1,2036,,DEFAULT,SET EARING-1500,BY PCS,,1,1
2037L1,2037,,DEFAULT,SET EARING-1700,BY PCS,,1,1
2038L1,2038,,DEFAULT,SET EARING-1750,BY PCS,,1,1
2039L1,2039,,DEFAULT,SET EARING-1800,BY PCS,,1,1
203L1,203,,DEFAULT,PENDANTL-C(0.06)N(1.308)-14540A1,DIAMOND,18 Ct/85,0,1
2040L1,2040,,DEFAULT,SET EARING-1900,BY PCS,,1,1
2041L1,2041,,DEFAULT,SET EARING-2000,BY PCS,,1,1
2042L1,2042,,DEFAULT,SET EARING-2100,BY PCS,,1,1
2043L1,2043,,DEFAULT,SET EARING-2200,BY PCS,,1,1
2044L1,2044,,DEFAULT,SET EARING-2300,BY PCS,,1,1
2045L1,2045,,DEFAULT,SET EARING-2350,BY PCS,,1,1
2046L1,2046,,DEFAULT,SET EARING-2400,BY PCS,,1,1
2047L1,2047,,DEFAULT,SET EARING-2500,BY PCS,,1,1
2048L1,2048,,DEFAULT,SET EARING-2600,BY PCS,,1,1
2049L1,2049,,DEFAULT,SET EARING-2700,BY PCS,,1,1
204L1,204,,DEFAULT,PENDANTL-C(0.25)N(1.64)-14541A1,DIAMOND,18 Ct/85,0,1
2050L1,2050,,DEFAULT,SET EARING-2800,BY PCS,,1,1
2051L1,2051,,DEFAULT,SET EARING-2900,BY PCS,,1,1
2052L1,2052,,DEFAULT,SET EARING-3000,BY PCS,,1,1
2053L1,2053,,DEFAULT,SET EARING-3300,BY PCS,,1,1
2054L1,2054,,DEFAULT,SET EARING-3400,BY PCS,,1,1
2055L1,2055,,DEFAULT,SET EARING-3600,BY PCS,,1,1
2056L1,2056,,DEFAULT,SET EARING-3900,BY PCS,,1,1
2057L1,2057,,DEFAULT,SET EARING-4000,BY PCS,,1,1
2058L1,2058,,DEFAULT,SET EARING-6700,BY PCS,,1,1
2059L1,2059,LONG CHAIN POTE,32INCH,762-5,GOLD,22 Ct,0,13
205L1,205,,DEFAULT,PENDANTL-C(0.3)N(1.54)-14550A1,DIAMOND,18 Ct/85,0,1
2060L1,2060,.FERVA-2 [85],DEFAULT,574-10,SILVER,SILVER,0,15
2061L1,2061,KARDA,DEFAULT,807-5,GOLD,22 Ct,0,37
2062L1,2062,.CHAIN SILVER,DEFAULT,458-10,SILVER,SILVER,0,10
2063L1,2063,BY BANGLE MACHINE 2,2.6INCH,776-5,GOLD,22 Ct,0,1
2064L1,2064,ATTACHED CHAIN POTE,28INCH,764-5,GOLD,22 Ct,0,2
2065L1,2065,RASSI,16INCH,794-5,GOLD,22 Ct,0,20
2066L1,2066,LADIES ANGUTHI,16NO,407-5,GOLD,22 Ct,0,20
2067L1,2067,BANGLE MACHINE 4,2.8INCH,76-5,GOLD,22 Ct,0,2
2068L1,2068,GENTS CASTING ANGUTHI,25NO,142-5,GOLD,22 Ct,0,38
2069L1,2069,LADIES CASTING ANGUTHI,16NO,391-5,GOLD,22 Ct,0,21
206L1,206,,DEFAULT,PENDANTL-C(0.76)N(5.228)-14551A1,DIAMOND,18 Ct/85,0,1
2070L1,2070,BANGLE MACHINE 4,2.10INCH,76-5,GOLD,22 Ct,0,1
2071L1,2071,HOLO,20INCH,796-5,GOLD,22 Ct,0,15
2072L1,2072,SHORT CHAIN POTE,20INCH,763-5,GOLD,22 Ct,0,3
2073L1,2073,BANGLE FANCY 2,2.6INCH,51-5,GOLD,22 Ct,0,13
2074L1,2074,,DEFAULT,RL1-C(0.07)N(1.776)-KB,DIAMOND,18 Ct/85,0,1
2075L1,2075,BY BANGLE FANCY 2,2.6INCH,546-5,GOLD,22 Ct,0,3
2076L1,2076,,DEFAULT,RG1-C(0.22)N(4.726)-KB,DIAMOND,18 Ct/85,0,1
2077L1,2077,KARDA,15NO,807-5,GOLD,22 Ct,0,27
2078L1,2078,,DEFAULT,NP-C(0.06)N(0.278)-KB,DIAMOND,18 Ct/85,0,1
2079L1,2079,,DEFAULT,NP-C(0.09)N(0.362)-RP,DIAMOND,18 Ct/85,0,1
207L1,207,,DEFAULT,PENDANTL-C(0.5)N(3.1)-14552A1,DIAMOND,18 Ct/85,0,1
2080L1,2080,,DEFAULT,U CHAIN-1-500,BY PCS,,1,1
2081L1,2081,,DEFAULT,U KADA-1600,BY PCS,,1,1
2082L1,2082,LADIES CASTING ANGUTHI,20NO,391-5,GOLD,22 Ct,0,3
2083L1,2083,GENTS ANGUTHI,10NO,406-5,GOLD,22 Ct,0,1
2084L1,2084,LONG VERTICAL MAL,24INCH,115-5,GOLD,22 Ct,0,20
2085L1,2085,LONG VERTICAL MAL,30INCH,115-5,GOLD,22 Ct,0,1
2086L1,2086,BANGLE MACHINE 4,2.3INCH,76-5,GOLD,22 Ct,0,2
2087L1,2087,SARDAR KADA,2.2INCH,67-5,GOLD,22 Ct,0,1
2088L101,2088,LADIES FANCY ANGUTHI,14NO,755-5,GOLD,22 Ct,0,23
2089L1,2089,LADIES ANGUTHI,20NO,407-5,GOLD,22 Ct,0,6
208L1,208,,DEFAULT,PENDANTL-C(0.2)N(1.03)-14553A1,DIAMOND,18 Ct/85,0,1
2090L1,2090,FANCY FLEXIBLE KADA,DEFAULT,812-5,GOLD,22 Ct,0,7
2091L1,2091,BRACELET LADIES,8INCH,45-5,GOLD,22 Ct,0,7
2092L1,2092,LADIES CASTING ANGUTHI,17NO,391-5,GOLD,22 Ct,0,5
2093L1,2093,BANGLE MACHINE 1,2.5INCH,774-5,GOLD,22 Ct,0,8
2095L1,2095,GENTS ANGUTHI,28NO,406-5,GOLD,22 Ct,0,3
2096L1,2096,GEHU TODA 2,2.5INCH,785-5,GOLD,22 Ct,0,1
2097L1,2097,,DEFAULT,RL1-C(0.21)N(1.998),DIAMOND,18 Ct/85,0,1
2098L1,2098,,DEFAULT,RL1-C(0.17)N(1.916),DIAMOND,18 Ct/85,0,1
2099L1,2099,NATH,DEFAULT,105-5,GOLD,22 Ct,0,2
209L1,209,,DEFAULT,PENDANTL-C(0.52)N(1.886)-14560A1,DIAMOND,18 Ct/85,0,1
20L1,20,EARINGS,DEFAULT,159-5,GOLD,22 Ct,0,1441
2100L1,2100,,DEFAULT,RG1-C(0.37)N(8.766),DIAMOND,18 Ct/85,0,1
2101L1,2101,LONG BRACLET POTE,24INCH,756-5,GOLD,22 Ct,0,2
2102L1,2102,PATLI MACHINE 2,2.7INCH,77-5,GOLD,22 Ct,0,4
2103L1,2103,LADIES CASTING ANGUTHI,4NO,391-5,GOLD,22 Ct,0,1
2104L1,2104,LADIES CASTING ANGUTHI,22NO,391-5,GOLD,22 Ct,0,2
2105L1,2105,RASSI,24INCH,794-5,GOLD,22 Ct,0,7
2106L1,2106,PATLI MACHINE 2,2.3INCH,77-5,GOLD,22 Ct,0,1
2107L1,2107,,DEFAULT,RL1-C(0.19)N(1.392),DIAMOND,18 Ct/85,0,1
2108L1,2108,,DEFAULT,RL1-C(0.07)N(1.526),DIAMOND,18 Ct/85,0,1
2109L1,2109,LADIES ANGUTHI,5NO,407-5,GOLD,22 Ct,0,3
210L1,210,,DEFAULT,PENDANTL-C(0.46)N(1.748)-14562A1,DIAMOND,18 Ct/85,0,1
2110L1,2110,KARDA,23NO,807-5,GOLD,22 Ct,0,15
2112L1,2112,AKDA MEENA,DEFAULT,585-10,SILVER,SILVER,0,7
2113L1,2113,STONE MEKHALA,DEFAULT,641-10,SILVER,SILVER,0,51
2114L1,2114,BUNCH CHAIN POTE,30INCH,765-5,GOLD,22 Ct,0,27
2115L1,2115,SHORT PBB,18INCH,760-5,GOLD,22 Ct,0,42
2116L1,2116,PATLI MACHINE 2,2.8INCH,77-5,GOLD,22 Ct,0,4
2117L1,2117,POTE TARAMANDAL,30INCH,828-5,GOLD,22 Ct,0,1
2118L1,2118,POTE TARAMANDAL,26INCH,828-5,GOLD,22 Ct,0,1
2119L1,2119,POTE TARAMANDAL,28INCH,828-5,GOLD,22 Ct,0,3
211L1,211,,DEFAULT,PENDANTL-C(0.22)N(1.706)-14563A1,DIAMOND,18 Ct/85,0,1
2120L1,2120,BANGLE MACHINE 1,2.6INCH,774-5,GOLD,22 Ct,0,3
2121L1,2121,GENTS ANGUTHI,9NO,406-5,GOLD,22 Ct,0,2
2122L1,2122,,DEFAULT,NP-C(0.19)N(0.362),DIAMOND,18 Ct/85,0,1
2123L1,2123,,DEFAULT,RG1-C(0.14)N(4.542),DIAMOND,18 Ct/85,0,1
2124L1,2124,LADIES ANGUTHI,18NO,407-5,GOLD,22 Ct,0,8
2125L11,2125,HOLO,22INCH,796-5,GOLD,22 Ct,0,12
2126L1,2126,,DEFAULT,RL1-C(0.23)N(2.504),DIAMOND,18 Ct/85,0,1
2127L1,2127,GENTS ANGUTHI,12NO,406-5,GOLD,22 Ct,0,8
2128L1,2128,ATTACHED CHAIN POTE,30INCH,764-5,GOLD,22 Ct,0,3
2129L1,2129,POTE TARAMANDAL,18INCH,828-5,GOLD,22 Ct,0,1
212L1,212,,DEFAULT,PENDANTL-C(0.8)N(4.59)-14564A1,DIAMOND,18 Ct/85,0,1
2130L1,2130,LADIES ANGUTHI,4NO,407-5,GOLD,22 Ct,0,2
2131L1,2131,GENTS ANGUTHI,11NO,406-5,GOLD,22 Ct,0,6
2132L1,2132,PATLI MACHINE 1,2.5INCH,778-5,GOLD,22 Ct,0,4
2133L378,2133,KARDA,6NO,807-5,GOLD,22 Ct,0,2
2134L10,2134,HOLO,DEFAULT,796-5,GOLD,22 Ct,0,5
2135L1,2135,,DEFAULT,ER-C(0.31)N(2.998),DIAMOND,18 Ct/85,0,1
2136L1,2136,LADIES FANCY ANGUTHI,9NO,755-5,GOLD,22 Ct,0,10
2137L1,2137,LADIES FANCY ANGUTHI,10NO,755-5,GOLD,22 Ct,0,18
2138L1,2138,,DEFAULT,RL1-C(0.4)N(2.61),DIAMOND,18 Ct/85,0,1
2139L1,2139,,DEFAULT,RL1-C(0.21)N(2.168),DIAMOND,18 Ct/85,0,1
213L1,213,,DEFAULT,PENDANTL-C(0.39)N(2.652)-14565A1,DIAMOND,18 Ct/85,0,1
2140L1,2140,,DEFAULT,RL1-C(0)N(2.866),DIAMOND,18 Ct/85,0,1
2141L1,2141,HOLO,18INCH,796-5,GOLD,22 Ct,0,8
2142L1,2142,,DEFAULT,BRG-C(1.500)N(10.106)-1,DIAMOND,18 Ct/85,0,1
2143L1,2143,LADIES ANGUTHI,22NO,407-5,GOLD,22 Ct,0,2
2144L1,2144,,DEFAULT,BRG-C(1.500)N(10.106)-1,DIAMOND,18 Ct/85,0,1
2145L1,2145,,DEFAULT,BG-C(1.250)N(8.100)-2,DIAMOND,18 Ct/85,0,1
2146L1,2146,,DEFAULT,BG-C(1.250)N(8.000)-3,DIAMOND,18 Ct/85,0,1
2147L1,2147,,DEFAULT,PENDANT  S-C(0.205)N(3.700)-4,DIAMOND,18 Ct/85,0,1
2148L1,2148,,DEFAULT,PE-C(0.440)N(4.200)-5,DIAMOND,18 Ct/85,0,1
2149L1,2149,KARDA,5NO,807-5,GOLD,22 Ct,0,2
214L1,214,,DEFAULT,PENDANTL-C(0.57)N(3.106)-14571A1,DIAMOND,18 Ct/85,0,1
2150L1,2150,PATLI MACHINE 2,2.10INCH,77-5,GOLD,22 Ct,0,1
2151L1,2151,,DEFAULT,NP-C(0.08)N(0.184),DIAMOND,18 Ct/85,0,1
2152L1,2152,.BAUL-1,DEFAULT,597-10,SILVER,SILVER,0,2
2153L1,2153,.PLATE EACHING-1,DEFAULT,615-10,SILVER,SILVER,0,3
2154L10,2154,.FULPATRA-1,DEFAULT,587-10,SILVER,SILVER,0,4
2155L1,2155,LONG PBB,32INCH,759-5,GOLD,22 Ct,0,9
2156L10,2156,CHAIN PAYAL BACCHA,DEFAULT,831-10,SILVER,SILVER,0,39
2157L1082,2157,GENTS CASTING ANGUTHI,14NO,142-5,GOLD,22 Ct,0,3
2158L1,2158,PATLI MACHINE 2,2.1INCH,77-5,GOLD,22 Ct,0,1
2159L1,2159,,DEFAULT,NP-C(0.07)N(0.206),DIAMOND,18 Ct/85,0,1
215L1,215,,DEFAULT,PENDANTL-C(0.09)N(1.962)-14574A1,DIAMOND,18 Ct/85,0,1
2160L1,2160,,DEFAULT,TM-C(0.430)N(3.014)-2,DIAMOND,18 Ct/85,0,1
2161L1,2161,,DEFAULT,ER-C(1.030)N(3.674)-1,DIAMOND,18 Ct/85,0,1
2162L1,2162,,DEFAULT,RL1-C(0.230)N(2.064)-1,DIAMOND,18 Ct/85,0,1
2163L1,2163,,DEFAULT,NP-C(0.040)N(0.282)-2,DIAMOND,18 Ct/85,0,1
2164L1,2164,,DEFAULT,NP-C(0.070)N(0.176)-1,DIAMOND,18 Ct/85,0,1
2165L1,2165,,DEFAULT,RG-C(0.200)N(3.680)-1,DIAMOND,18 Ct/85,0,1
2166L1,2166,,DEFAULT,RL1-C(0.360)N(2.778)-1,DIAMOND,18 Ct/85,0,1
2167L1,2167,ANGUTHI,DEFAULT,2026-04-01 00:00:00,GOLD,24 Ct,0,1112
2168L1,2168,,DEFAULT,ER-C(0.190)N(3.942)-1,DIAMOND,18 Ct/85,0,1
2169L1,2169,,DEFAULT,RG-C(0.100)N(3.890)-2,DIAMOND,18 Ct/85,0,1
216L1,216,,DEFAULT,PENDANTL-C(0.07)N(1.306)-14580A1,DIAMOND,18 Ct/85,0,1
2170L1,2170,,DEFAULT,RG-C(0.050)N(1.400)-1,DIAMOND,18 Ct/85,0,1
2171L1,2171,,DEFAULT,RG-C(0.370)N(3.116)-1,DIAMOND,18 Ct/85,0,1
2172L1,2172,PATLI PURE 2,2.2INCH,90-1,GOLD,24 Ct,0,1
2173L1,2173,,DEFAULT,NP-C(0.070)N(0.176)-1,DIAMOND,18 Ct/85,0,1
2174L1,2174,,DEFAULT,RG-C(0.200)N(5.670)-1,DIAMOND,18 Ct/85,0,1
2175L1,2175,CHAIN PURE,DEFAULT,86-1,GOLD,24 Ct,0,250
2176L1,2176,DIAMOND LOOSE ORNAMENTS 75,DEFAULT,DLO-C(0.280)N(2.564)-1,DIAMOND,18 Ct/85,0,1
2177L1,2177,KANCHAIN PURE 2,DEFAULT,93-1,GOLD,24 Ct,0,63
2178L1,2178,ANGUTHI,25NO,2026-04-01 00:00:00,GOLD,24 Ct,0,5
2179L1,2179,GOFE PURE,DEFAULT,87-1,GOLD,24 Ct,0,31
217L1,217,,DEFAULT,PENDANTL-C(0.15)N(0.72)-14585A1,DIAMOND,18 Ct/85,0,1
2180L1,2180,ANGUTHI,21NO,2026-04-01 00:00:00,GOLD,24 Ct,0,29
2181L1,2181,ANGUTHI,20NO,2026-04-01 00:00:00,GOLD,24 Ct,0,53
2182L1,2182,ANGUTHI,14NO,2026-04-01 00:00:00,GOLD,24 Ct,0,36
2183L1,2183,ANGUTHI,9NO,2026-04-01 00:00:00,GOLD,24 Ct,0,9
2184L1,2184,ANGUTHI,8NO,2026-04-01 00:00:00,GOLD,24 Ct,0,11
2185L1,2185,,DEFAULT,TM-C(0.400)N(2.650)-1,DIAMOND,18 Ct/85,0,1
2186L1,2186,,DEFAULT,RL1-C(0.160)N(3.098)-2,DIAMOND,18 Ct/85,0,1
2187L1,2187,,DEFAULT,RG1-C(0.110)N(5.688)-3,DIAMOND,18 Ct/85,0,1
2189L1,2189,,DEFAULT,RG1-C(0.240)N(2.532)-1,DIAMOND,18 Ct/85,0,1
218L1,218,,DEFAULT,PENDANTL-C(0.13)N(1.814)-14586A1,DIAMOND,18 Ct/85,0,1
2190L1,2190,,DEFAULT,RG1-C(0.210)N(2.758)-2,DIAMOND,18 Ct/85,0,1
2191L1,2191,,DEFAULT,NP-C(0.080)N(0.184)-3,DIAMOND,18 Ct/85,0,1
2192L1,2192,,DEFAULT,NP-C(0.070)N(0.186)-4,DIAMOND,18 Ct/85,0,1
2193L1,2193,,DEFAULT,NP-C(0.070)N(0.176)-5,DIAMOND,18 Ct/85,0,1
2194L1,2194,,DEFAULT,NP-C(0.070)N(0.186)-6,DIAMOND,18 Ct/85,0,1
2195L1,2195,,DEFAULT,NP-C(0.060)N(0.188)-7,DIAMOND,18 Ct/85,0,1
2196L1,2196,,DEFAULT,NP-C(0.060)N(0.168)-8,DIAMOND,18 Ct/85,0,1
2197L1,2197,,DEFAULT,NP-C(0.060)N(0.168)-8,DIAMOND,18 Ct/85,0,1
2198L1,2198,BANGLE PURE 1,DEFAULT,244-1,GOLD,24 Ct,0,36
2199L1,2199,ANGUTHI,24NO,2026-04-01 00:00:00,GOLD,24 Ct,0,13
219L1,219,,DEFAULT,PENDANTL-C(0.29)N(1.212)-14590A1,DIAMOND,18 Ct/85,0,1
21L1,21,GENTS BALI,DEFAULT,157-5,GOLD,22 Ct,0,214
2200L1,2200,,DEFAULT,RL1-C(0.160)N(2.378)-1,DIAMOND,18 Ct/85,0,1
2201L33,2201,BANGLE PURE 2,2.6INCH,88-1,GOLD,24 Ct,0,2
2202L1,2202,BANGLE PURE 2,2.1INCH,88-1,GOLD,24 Ct,0,1
2203L1,2203,ANGUTHI,22NO,2026-04-01 00:00:00,GOLD,24 Ct,0,20
2205L1,2205,PATLI PURE 2,DEFAULT,90-1,GOLD,24 Ct,0,41
2206L1,2206,LONG VERTICAL MAL,20INCH,115-5,GOLD,22 Ct,0,3
2207L1,2207,ANGUTHI,10NO,2026-04-01 00:00:00,GOLD,24 Ct,0,17
2208L1,2208,ANGUTHI,23NO,2026-04-01 00:00:00,GOLD,24 Ct,0,16
2209L1,2209,CHAPLAHAR,DEFAULT,92-1,GOLD,24 Ct,0,41
220L1,220,,DEFAULT,PENDANTL-C(5.42)N(1.996)-14603A1,DIAMOND,18 Ct/85,0,1
2210L1,2210,BANGLE MACHINE 1,2.4INCH,774-5,GOLD,22 Ct,0,4
2211L1,2211,,DEFAULT,ER-C(0.310)N(3.478)-1,DIAMOND,18 Ct/85,0,1
2213L1,2213,,DEFAULT,RG1-C(0.330)N(5.794)-2,DIAMOND,18 Ct/85,0,1
2214L1,2214,,DEFAULT,RG1-C(0.150)N(4.550)-3,DIAMOND,18 Ct/85,0,1
2215L1,2215,,DEFAULT,RG1-C(0.150)N(5.020)-4,DIAMOND,18 Ct/85,0,1
2216L1,2216,,DEFAULT,RG1-C(0.360)N(5.478)-5,DIAMOND,18 Ct/85,0,1
2217L1,2217,,DEFAULT,RG1-C(0.250)N(5.610)-6,DIAMOND,18 Ct/85,0,1
2218L1,2218,,DEFAULT,RG1-C(0.320)N(4.836)-7,DIAMOND,18 Ct/85,0,1
221L1,221,,DEFAULT,PENDANTL-C(0.14)N(1.082)-14604A1,DIAMOND,18 Ct/85,0,1
2220L1,2220,,DEFAULT,RG1-C(0.140)N(4.692)-9,DIAMOND,18 Ct/85,0,1
2221L1,2221,,DEFAULT,RG1-C(0.240)N(5.122)-10,DIAMOND,18 Ct/85,0,1
2222L1,2222,,DEFAULT,ER-C(0.180)N(2.514)-11,DIAMOND,18 Ct/85,0,1
2223L1,2223,,DEFAULT,ER-C(0.640)N(3.092)-12,DIAMOND,18 Ct/85,0,1
2224L1,2224,,DEFAULT,ER-C(0.310)N(2.958)-13,DIAMOND,18 Ct/85,0,1
2225L1,2225,,DEFAULT,ER-C(0.270)N(3.296)-14,DIAMOND,18 Ct/85,0,1
2226L1,2226,,DEFAULT,ER-C(0.310)N(2.878)-15,DIAMOND,18 Ct/85,0,1
2227L1,2227,,DEFAULT,ER-C(0.580)N(3.844)-16,DIAMOND,18 Ct/85,0,1
2228L1,2228,,DEFAULT,ER-C(0.270)N(2.816)-17,DIAMOND,18 Ct/85,0,1
2229L1,2229,,DEFAULT,ER-C(0.110)N(2.368)-18,DIAMOND,18 Ct/85,0,1
222L1,222,,DEFAULT,PENDANTL-C(0.2)N(1.34)-14607A1,DIAMOND,18 Ct/85,0,1
2230L1,2230,,DEFAULT,ER-C(0.180)N(2.384)-19,DIAMOND,18 Ct/85,0,1
2231L1,2231,,DEFAULT,ER-C(0.530)N(3.334)-20,DIAMOND,18 Ct/85,0,1
2232L1,2232,,DEFAULT,NP-C(0.170)N(0.286)-21,DIAMOND,18 Ct/85,0,1
2233L1,2233,,DEFAULT,NP-C(0.110)N(0.218)-22,DIAMOND,18 Ct/85,0,1
2234L1,2234,,DEFAULT,NP-C(0.050)N(0.160)-23,DIAMOND,18 Ct/85,0,1
2235L1,2235,,DEFAULT,NP-C(0.090)N(0.222)-24,DIAMOND,18 Ct/85,0,1
2236L1,2236,,DEFAULT,NP-C(0.050)N(0.240)-25,DIAMOND,18 Ct/85,0,1
2237L1,2237,,DEFAULT,NP-C(0.050)N(0.150)-26,DIAMOND,18 Ct/85,0,1
2238L1,2238,FANCY PENDANT SET,DEFAULT,790-5,GOLD,22 Ct,0,19
2239L1,2239,,DEFAULT,RG1-C(0.210)N(5.018)-1,DIAMOND,18 Ct/85,0,1
223L1,223,,DEFAULT,PENDANTL-C(4.74)N(3.242)-14609A1,DIAMOND,18 Ct/85,0,1
2240L1,2240,,DEFAULT,RL1-C(0.230)N(2.844)-1,DIAMOND,18 Ct/85,0,1
2241L1,2241,,DEFAULT,RL1-C(0.250)N(3.100)-2,DIAMOND,18 Ct/85,0,1
2242L1,2242,,DEFAULT,ER-C(0.800)N(3.010)-1,DIAMOND,18 Ct/85,0,1
2243L1,2243,BANGLE PURE 4,DEFAULT,89-1,GOLD,24 Ct,0,13
2244L10,2244,MEHENDI SILVER,DEFAULT,465-10,SILVER,SILVER,0,8
2245L1,2245,,DEFAULT,ER-C(0.300)N(4.860)-1,DIAMOND,18 Ct/85,0,1
2246L1,2246,BANGLE PURE 2,DEFAULT,88-1,GOLD,24 Ct,0,30
2247L1,2247,,DEFAULT,RL1-C(0.180)N(2.504)-3,DIAMOND,18 Ct/85,0,1
2248L1,2248,,DEFAULT,RL1-C(0.070)N(1.776)-3,DIAMOND,18 Ct/85,0,1
2249L1,2249,BANGLE MACHINE 1,DEFAULT,774-5,GOLD,22 Ct,0,2
224L1,224,,DEFAULT,PENDANTL-C(0.17)N(1.826)-14610A1,DIAMOND,18 Ct/85,0,1
2250L1,2250,,DEFAULT,RG-C(0.230)N(5.794)-1,DIAMOND,18 Ct/85,0,1
2251L1,2251,,DEFAULT,RL1-C(0.050)N(1.800)-1,DIAMOND,18 Ct/85,0,1
2252L1,2252,,DEFAULT,RL1-C(0.100)N(1.980)-2,DIAMOND,18 Ct/85,0,1
2253L1,2253,,DEFAULT,RL1-C(0.190)N(2.432)-3,DIAMOND,18 Ct/85,0,1
2254L1,2254,,DEFAULT,RL1-C(0.430)N(1.914)-4,DIAMOND,18 Ct/85,0,1
2255L1,2255,,DEFAULT,RL1-C(0.380)N(2.224)-5,DIAMOND,18 Ct/85,0,1
2256L1,2256,,DEFAULT,RG1-C(0.090)N(5.342)-6,DIAMOND,18 Ct/85,0,1
2257L1,2257,,DEFAULT,RG1-C(0.310)N(5.998)-7,DIAMOND,18 Ct/85,0,1
2258L1,2258,,DEFAULT,ER-C(0.660)N(2.228)-8,DIAMOND,18 Ct/85,0,1
2259L1,2259,SHORT VERTICAL MALA,DEFAULT,770-5,GOLD,22 Ct,0,1
225L1,225,,DEFAULT,PENDANTL-C(0.22)N(2.896)-14611A1,DIAMOND,18 Ct/85,0,1
2260L1,2260,BANGLE PURE 1,2.7INCH,244-1,GOLD,24 Ct,0,1
2261L1,2261,,DEFAULT,RG-C(0.210)N(4.958)-1,DIAMOND,18 Ct/85,0,1
2262L1,2262,GOTE PURE 2,DEFAULT,91-1,GOLD,24 Ct,0,5
2263L1,2263,,DEFAULT,ER-C(0.660)N(3.558)-2,DIAMOND,18 Ct/85,0,1
2264L1,2264,,DEFAULT,ER-C(0.340)N(4.882)-3,DIAMOND,18 Ct/85,0,1
2265L1,2265,,DEFAULT,ER-C(0.570)N(3.366)-4,DIAMOND,18 Ct/85,0,1
2266L1,2266,,DEFAULT,ER-C(0.420)N(4.006)-5,DIAMOND,18 Ct/85,0,1
2269L1,2269,,DEFAULT,RG1-C(0.500)N(4.540)-8,DIAMOND,18 Ct/85,0,1
226L1,226,,DEFAULT,PENDANTL-C(0.12)N(1.146)-14612A1,DIAMOND,18 Ct/85,0,1
2270L1,2270,,DEFAULT,RG1-C(0.460)N(6.758)-9,DIAMOND,18 Ct/85,0,1
2271L1,2271,,DEFAULT,NP-C(0.040)N(0.672)-1,DIAMOND,18 Ct/85,0,1
2272L1,2272,LONG PBB,26INCH,759-5,GOLD,22 Ct,0,9
2274L1,2274,,DEFAULT,RG-C(0.570)N(5.506)-3,DIAMOND,18 Ct/85,0,1
2275L1,2275,BANGLE PURE 2,2.4INCH,88-1,GOLD,24 Ct,0,9
2276L1,2276,,DEFAULT,RG1-C(0.210)N(5.138)-1,DIAMOND,18 Ct/85,0,1
2277L1,2277,,DEFAULT,RL1-C(0.170)N(2.106)-2,DIAMOND,18 Ct/85,0,1
2278L1,2278,,DEFAULT,RL1-C(0.200)N(2.470)-3,DIAMOND,18 Ct/85,0,1
2279L1,2279,,DEFAULT,RL1-C(0.150)N(2.040)-1,DIAMOND,18 Ct/85,0,1
227L1,227,,DEFAULT,PENDANTL-C(0.25)N(2.11)-14618A1,DIAMOND,18 Ct/85,0,1
2280L1,2280,,DEFAULT,NP-C(0.300)N(0.240)-2,DIAMOND,18 Ct/85,0,1
2281L1,2281,GENTS FANCY BRACELET,DEFAULT,122-5,GOLD,22 Ct,0,5
2282L1,2282,,DEFAULT,RG-C(0.220)N(2.656)-1,DIAMOND,18 Ct/85,0,1
2284L1,2284,,DEFAULT,RG1-C(0.330)N(5.344)-2,DIAMOND,18 Ct/85,0,1
2285L1,2285,,DEFAULT,RG1-C(0.480)N(5.634)-3,DIAMOND,18 Ct/85,0,1
2286L1,2286,,DEFAULT,RG1-C(0.270)N(3.986)-4,DIAMOND,18 Ct/85,0,1
2287L1,2287,,DEFAULT,RG1-C(0.160)N(5.388)-5,DIAMOND,18 Ct/85,0,1
2288L1,2288,,DEFAULT,RG1-C(0.120)N(3.866)-6,DIAMOND,18 Ct/85,0,1
2289L1,2289,,DEFAULT,RG1-C(0.550)N(5.060)-7,DIAMOND,18 Ct/85,0,1
228L1,228,,DEFAULT,PENDANTL-C(0.06)N(2.048)-14620A1,DIAMOND,18 Ct/85,0,1
2290L1,2290,,DEFAULT,RG1-C(0.170)N(4.046)-8,DIAMOND,18 Ct/85,0,1
2291L1,2291,,DEFAULT,RG1-C(0.120)N(4.826)-9,DIAMOND,18 Ct/85,0,1
2293L1,2293,,DEFAULT,RG1-C(0.120)N(4.056)-11,DIAMOND,18 Ct/85,0,1
2294L1,2294,,DEFAULT,RG1-C(0.140)N(6.172)-12,DIAMOND,18 Ct/85,0,1
2295L1,2295,,DEFAULT,RG1-C(0.180)N(5.464)-13,DIAMOND,18 Ct/85,0,1
2296L1,2296,,DEFAULT,RL1-C(0.220)N(2.286)-14,DIAMOND,18 Ct/85,0,1
2297L1,2297,,DEFAULT,NP-C(0.090)N(0.192)-15,DIAMOND,18 Ct/85,0,1
2298L1,2298,,DEFAULT,NP-C(0.090)N(0.182)-16,DIAMOND,18 Ct/85,0,1
2299L1,2299,,DEFAULT,NP-C(0.100)N(0.200)-17,DIAMOND,18 Ct/85,0,1
229L1,229,,DEFAULT,PENDANTL-C(0.1)N(1.87)-14621A1,DIAMOND,18 Ct/85,0,1
22L1,22,TARAMANDAL POTE,DEFAULT,111-5,GOLD,22 Ct,0,525
2300L1,2300,,DEFAULT,NP-C(0.100)N(0.220)-18,DIAMOND,18 Ct/85,0,1
2301L1,2301,,DEFAULT,NP-C(0.100)N(0.200)-19,DIAMOND,18 Ct/85,0,1
2302L1,2302,,DEFAULT,NP-C(0.100)N(0.210)-20,DIAMOND,18 Ct/85,0,1
2303L1,2303,,DEFAULT,TM-C(0.420)N(2.316)-1,DIAMOND,18 Ct/85,0,1
2305L1,2305,,DEFAULT,RL1-C(0.260)N(3.078)-2,DIAMOND,18 Ct/85,0,1
2306L1,2306,,DEFAULT,RL1-C(0.220)N(3.406)-3,DIAMOND,18 Ct/85,0,1
2307L1,2307,,DEFAULT,RL1-C(0.140)N(2.942)-4,DIAMOND,18 Ct/85,0,1
2308L1,2308,,DEFAULT,RL1-C(0.180)N(3.344)-5,DIAMOND,18 Ct/85,0,1
2309L1,2309,,DEFAULT,RL1-C(0.270)N(2.616)-6,DIAMOND,18 Ct/85,0,1
230L1,230,,DEFAULT,RG1-C(0.45)N(6.71)-14625A1,DIAMOND,18 Ct/85,0,1
2310L1,2310,,DEFAULT,RL1-C(0.320)N(3.156)-7,DIAMOND,18 Ct/85,0,1
2311L1,2311,,DEFAULT,RL1-C(0.260)N(2.888)-8,DIAMOND,18 Ct/85,0,1
2312L1,2312,,DEFAULT,RL1-C(0.400)N(3.060)-9,DIAMOND,18 Ct/85,0,1
2313L1,2313,,DEFAULT,RL1-C(0.100)N(3.500)-10,DIAMOND,18 Ct/85,0,1
2314L1,2314,,DEFAULT,RL1-C(0.120)N(2.606)-11,DIAMOND,18 Ct/85,0,1
2315L1,2315,,DEFAULT,RL1-C(0.180)N(3.304)-12,DIAMOND,18 Ct/85,0,1
2316L1,2316,,DEFAULT,RL1-C(0.150)N(3.640)-13,DIAMOND,18 Ct/85,0,1
2317L1,2317,,DEFAULT,RL1-C(0.330)N(3.914)-14,DIAMOND,18 Ct/85,0,1
2318L1,2318,,DEFAULT,RL1-C(0.130)N(2.474)-15,DIAMOND,18 Ct/85,0,1
2319L1,2319,,DEFAULT,RL1-C(0.140)N(2.072)-16,DIAMOND,18 Ct/85,0,1
231L1,231,,DEFAULT,RG1-C(0.58)N(5.684)-14629A1,DIAMOND,18 Ct/85,0,1
2320L1,2320,,DEFAULT,RL1-C(0.300)N(2.240)-17,DIAMOND,18 Ct/85,0,1
2321L1,2321,,DEFAULT,RL1-C(0.080)N(1.684)-18,DIAMOND,18 Ct/85,0,1
2322L1,2322,,DEFAULT,RL1-C(0.210)N(1.958)-19,DIAMOND,18 Ct/85,0,1
2323L1,2323,,DEFAULT,RL1-C(0.090)N(2.132)-20,DIAMOND,18 Ct/85,0,1
2324L1,2324,BANGLE MACHINE 1,2.8INCH,774-5,GOLD,22 Ct,0,2
2325L1,2325,,DEFAULT,ER-C(0.350)N(5.000)-1,DIAMOND,18 Ct/85,0,1
2326L1,2326,,DEFAULT,RG1-C(0.400)N(6.860)-2,DIAMOND,18 Ct/85,0,1
2327L1,2327,,DEFAULT,RG1-C(0.330)N(6.524)-3,DIAMOND,18 Ct/85,0,1
2328L1,2328,,DEFAULT,RL1-C(0.140)N(2.662)-4,DIAMOND,18 Ct/85,0,1
2329L1,2329,,DEFAULT,RL1-C(0.110)N(2.858)-5,DIAMOND,18 Ct/85,0,1
232L1,232,,DEFAULT,RG1-C(0.23)N(7.094)-14640A1,DIAMOND,18 Ct/85,0,1
2330L1,2330,,DEFAULT,RL1-C(0.270)N(2.926)-6,DIAMOND,18 Ct/85,0,1
2331L1,2331,,DEFAULT,RL1-C(0.230)N(3.074)-7,DIAMOND,18 Ct/85,0,1
2332L1,2332,,DEFAULT,RL1-C(0.140)N(2.882)-8,DIAMOND,18 Ct/85,0,1
2333L1,2333,,DEFAULT,RL1-C(0.170)N(3.686)-9,DIAMOND,18 Ct/85,0,1
2334L1,2334,,DEFAULT,RL1-C(0.100)N(2.480)-10,DIAMOND,18 Ct/85,0,1
2335L1,2335,,DEFAULT,RL1-C(0.210)N(2.188)-11,DIAMOND,18 Ct/85,0,1
2336L1,2336,,DEFAULT,RL1-C(0.160)N(2.248)-12,DIAMOND,18 Ct/85,0,1
2337L1,2337,,DEFAULT,RL1-C(0.210)N(2.428)-13,DIAMOND,18 Ct/85,0,1
2338L1,2338,,DEFAULT,RL1-C(0.150)N(2.510)-14,DIAMOND,18 Ct/85,0,1
2339L1,2339,GOTE PURE 1,2INCH,845-1,GOLD,24 Ct,0,6
233L1,233,,DEFAULT,RG1-C(0.18)N(3.904)-14645A1,DIAMOND,18 Ct/85,0,1
2340L1,2340,,DEFAULT,PENDANTL-C(1.120)N(4.466)-1,DIAMOND,18 Ct/85,0,1
2341L1,2341,,DEFAULT,RL1-C(0.070)N(1.606)-1,DIAMOND,18 Ct/85,0,1
2342L1,2342,BANGLE MACHINE 2,2.1INCH,75-5,GOLD,22 Ct,0,3
2343L1,2343,PATLI PURE 1,DEFAULT,245-1,GOLD,24 Ct,0,30
2344L1,2344,,DEFAULT,RG-C(0.170)N(5.036)-1,DIAMOND,18 Ct/85,0,1
2345L1,2345,,DEFAULT,RL1-C(0.200)N(2.270)-2,DIAMOND,18 Ct/85,0,1
2346L1,2346,,DEFAULT,RG1-C(0.500)N(6.780)-1,DIAMOND,18 Ct/85,0,1
2347L1,2347,,DEFAULT,RG1-C(0.260)N(5.308)-2,DIAMOND,18 Ct/85,0,1
2348L1,2348,FANCY TODA  2,2.4INCH,58-5,GOLD,22 Ct,0,3
2349L1,2349,PATLI MACHINE 2,2.9INCH,77-5,GOLD,22 Ct,0,1
234L1,234,,DEFAULT,RG1-C(0.18)N(3.654)-14652A1,DIAMOND,18 Ct/85,0,1
2350L1,2350,,DEFAULT,RL1-C(0.140)N(2.052)-1,DIAMOND,18 Ct/85,0,1
2351L1,2351,,DEFAULT,RL1-C(0.190)N(1.522)-2,DIAMOND,18 Ct/85,0,1
2352L1,2352,,DEFAULT,RL1-C(0.180)N(2.074)-3,DIAMOND,18 Ct/85,0,1
2353L1,2353,,DEFAULT,RL1-C(0.310)N(2.678)-4,DIAMOND,18 Ct/85,0,1
2354L1,2354,,DEFAULT,RL1-C(0.090)N(1.972)-5,DIAMOND,18 Ct/85,0,1
2355L1,2355,,DEFAULT,RL1-C(0.080)N(1.894)-6,DIAMOND,18 Ct/85,0,1
2356L1,2356,,DEFAULT,RL1-C(0.060)N(1.618)-7,DIAMOND,18 Ct/85,0,1
2357L1,2357,,DEFAULT,RL1-C(0.180)N(1.934)-8,DIAMOND,18 Ct/85,0,1
2358L1,2358,,DEFAULT,RL1-C(0.340)N(2.382)-9,DIAMOND,18 Ct/85,0,1
2359L1,2359,,DEFAULT,RL1-C(0.220)N(2.426)-1,DIAMOND,18 Ct/85,0,1
235L1,235,,DEFAULT,RG1-C(1.01)N(9.168)-14668A1,DIAMOND,18 Ct/85,0,1
2360L1,2360,,DEFAULT,RL1-C(0.270)N(1.416)-2,DIAMOND,18 Ct/85,0,1
2361L1,2361,,DEFAULT,RL1-C(0.190)N(1.732)-3,DIAMOND,18 Ct/85,0,1
2362L1,2362,,DEFAULT,RL1-C(0.180)N(1.964)-4,DIAMOND,18 Ct/85,0,1
2363L1,2363,,DEFAULT,RL1-C(0.160)N(1.738)-5,DIAMOND,18 Ct/85,0,1
2364L1,2364,,DEFAULT,RL1-C(0.160)N(2.378)-6,DIAMOND,18 Ct/85,0,1
2365L1,2365,,DEFAULT,RL1-C(0.260)N(2.268)-7,DIAMOND,18 Ct/85,0,1
2366L1,2366,,DEFAULT,RL1-C(0.170)N(1.956)-8,DIAMOND,18 Ct/85,0,1
2367L1,2367,,DEFAULT,RL1-C(0.360)N(3.058)-9,DIAMOND,18 Ct/85,0,1
2368L1,2368,,DEFAULT,RL1-C(0.150)N(1.620)-1,DIAMOND,18 Ct/85,0,1
2369L1,2369,,DEFAULT,RL1-C(0.210)N(2.568)-2,DIAMOND,18 Ct/85,0,1
236L1,236,,DEFAULT,RG1-C(0.35)N(5.95)-14670A1,DIAMOND,18 Ct/85,0,1
2370L1,2370,,DEFAULT,RL1-C(0.260)N(2.298)-3,DIAMOND,18 Ct/85,0,1
2371L1,2371,,DEFAULT,RL1-C(0.180)N(2.014)-4,DIAMOND,18 Ct/85,0,1
2372L1,2372,,DEFAULT,RL1-C(0.200)N(2.070)-5,DIAMOND,18 Ct/85,0,1
2373L1,2373,,DEFAULT,RL1-C(0.290)N(2.292)-6,DIAMOND,18 Ct/85,0,1
2374L1,2374,,DEFAULT,RL1-C(0.250)N(2.310)-7,DIAMOND,18 Ct/85,0,1
2375L1,2375,,DEFAULT,RL1-C(0.210)N(1.898)-8,DIAMOND,18 Ct/85,0,1
2376L1,2376,,DEFAULT,RL1-C(0.080)N(2.224)-9,DIAMOND,18 Ct/85,0,1
2378L1,2378,FANCY KANGAN 2,2.3INCH,243-5,GOLD,22 Ct,0,1
2379L1,2379,,DEFAULT,RL1-C(0.170)N(2.216)-1,DIAMOND,18 Ct/85,0,1
237L1,237,,DEFAULT,RG1-C(0.35)N(7.39)-14672A1,DIAMOND,18 Ct/85,0,1
2380L1,2380,,DEFAULT,RL1-C(0.310)N(3.008)-2,DIAMOND,18 Ct/85,0,1
2381L1,2381,,DEFAULT,RL1-C(0.110)N(3.138)-3,DIAMOND,18 Ct/85,0,1
2382L1,2382,,DEFAULT,RL1-C(0.280)N(1.904)-4,DIAMOND,18 Ct/85,0,1
2383L1,2383,,DEFAULT,RL1-C(0.130)N(1.704)-5,DIAMOND,18 Ct/85,0,1
2384L1,2384,,DEFAULT,RL1-C(0.440)N(2.992)-6,DIAMOND,18 Ct/85,0,1
2385L1,2385,,DEFAULT,RL1-C(0.130)N(1.884)-7,DIAMOND,18 Ct/85,0,1
2386L1,2386,,DEFAULT,RL1-C(0.310)N(1.908)-8,DIAMOND,18 Ct/85,0,1
2387L1,2387,,DEFAULT,RL1-C(0.280)N(1.974)-9,DIAMOND,18 Ct/85,0,1
2388L1,2388,,DEFAULT,RL1-C(0.150)N(1.580)-10,DIAMOND,18 Ct/85,0,1
2389L1,2389,HOLO,24INCH,796-5,GOLD,22 Ct,0,2
238L1,238,,DEFAULT,RG1-C(0.35)N(5.34)-14673A1,DIAMOND,18 Ct/85,0,1
2390L1,2390,,DEFAULT,RG1-C(0.260)N(4.478)-1,DIAMOND,18 Ct/85,0,1
2391L1,2391,,DEFAULT,RG1-C(0.280)N(6.064)-2,DIAMOND,18 Ct/85,0,1
2392L1,2392,,DEFAULT,RG1-C(0.400)N(7.610)-3,DIAMOND,18 Ct/85,0,1
2393L1,2393,,DEFAULT,RG1-C(0.210)N(4.608)-4,DIAMOND,18 Ct/85,0,1
2394L1,2394,,DEFAULT,RG1-C(0.270)N(5.076)-5,DIAMOND,18 Ct/85,0,1
2395L1,2395,,DEFAULT,RG1-C(0.180)N(5.124)-6,DIAMOND,18 Ct/85,0,1
2396L1,2396,,DEFAULT,RG1-C(0.160)N(5.078)-7,DIAMOND,18 Ct/85,0,1
2397L1,2397,,DEFAULT,NP-C(0.070)N(0.176)-1,DIAMOND,18 Ct/85,0,1
2398L1,2398,,DEFAULT,NP-C(0.070)N(0.176)-2,DIAMOND,18 Ct/85,0,1
2399L1,2399,,DEFAULT,NP-C(0.060)N(0.168)-3,DIAMOND,18 Ct/85,0,1
239L1,239,,DEFAULT,RG1-C(0.35)N(7.31)-14674A1,DIAMOND,18 Ct/85,0,1
23L1,23,ANGUTHI LADIES,20INCH,131-5,GOLD,22 Ct,0,16
2400L1,2400,,DEFAULT,NP-C(0.040)N(0.242)-4,DIAMOND,18 Ct/85,0,1
2401L1,2401,,DEFAULT,NP-C(0.040)N(0.322)-5,DIAMOND,18 Ct/85,0,1
2402L1,2402,,DEFAULT,ER-C(0.300)N(3.520)-1,DIAMOND,18 Ct/85,0,1
2403L1,2403,,DEFAULT,ER-C(0.170)N(4.286)-2,DIAMOND,18 Ct/85,0,1
2404L1,2404,,DEFAULT,ER-C(0.320)N(4.426)-3,DIAMOND,18 Ct/85,0,1
2405L1,2405,,DEFAULT,ER-C(0.120)N(3.966)-4,DIAMOND,18 Ct/85,0,1
2406L1,2406,,DEFAULT,ER-C(0.220)N(3.206)-5,DIAMOND,18 Ct/85,0,1
2407L1,2407,,DEFAULT,ER-C(0.120)N(2.726)-6,DIAMOND,18 Ct/85,0,1
2408L1,2408,,DEFAULT,ER-C(0.440)N(2.912)-7,DIAMOND,18 Ct/85,0,1
2409L1,2409,,DEFAULT,ER-C(0.190)N(1.822)-8,DIAMOND,18 Ct/85,0,1
240L1,240,,DEFAULT,RG1-C(0.35)N(7.34)-14680A1,DIAMOND,18 Ct/85,0,1
2410L1,2410,,DEFAULT,ER-C(0.220)N(3.936)-9,DIAMOND,18 Ct/85,0,1
2411L1,2411,,DEFAULT,ER-C(0.300)N(3.430)-1,DIAMOND,18 Ct/85,0,1
2412L1,2412,,DEFAULT,ER-C(0.160)N(2.598)-2,DIAMOND,18 Ct/85,0,1
2413L1,2413,,DEFAULT,ER-C(0.250)N(2.800)-3,DIAMOND,18 Ct/85,0,1
2414L1,2414,,DEFAULT,ER-C(0.380)N(3.534)-4,DIAMOND,18 Ct/85,0,1
2415L1,2415,,DEFAULT,ER-C(2.800)N(2.600)-5,DIAMOND,18 Ct/85,0,1
2416L1,2416,,DEFAULT,ER-C(0.430)N(2.844)-6,DIAMOND,18 Ct/85,0,1
2417L1,2417,,DEFAULT,ER-C(0.450)N(2.640)-7,DIAMOND,18 Ct/85,0,1
2418L1,2418,,DEFAULT,ER-C(0.370)N(3.676)-8,DIAMOND,18 Ct/85,0,1
2419L1,2419,,DEFAULT,ER-C(0.470)N(3.396)-9,DIAMOND,18 Ct/85,0,1
241L1,241,,DEFAULT,RL1-C(0.46)N(3.528)-14684A1,DIAMOND,18 Ct/85,0,1
2420L1,2420,ATTACHED NANO POTE,18INCH,768-5,GOLD,22 Ct,0,1
2421L1,2421,,DEFAULT,ER-C(0.200)N(2.740)-1,DIAMOND,18 Ct/85,0,1
2422L1,2422,,DEFAULT,ER-C(0.360)N(3.168)-2,DIAMOND,18 Ct/85,0,1
2423L1,2423,,DEFAULT,ER-C(0.200)N(2.670)-3,DIAMOND,18 Ct/85,0,1
2424L1,2424,,DEFAULT,ER-C(0.390)N(2.622)-4,DIAMOND,18 Ct/85,0,1
2425L1,2425,,DEFAULT,ER-C(1.140)N(3.822)-5,DIAMOND,18 Ct/85,0,1
2426L1,2426,,DEFAULT,ER-C(0.580)N(3.524)-6,DIAMOND,18 Ct/85,0,1
2427L1,2427,,DEFAULT,ER-C(0.960)N(5.498)-7,DIAMOND,18 Ct/85,0,1
2428L1,2428,,DEFAULT,ER-C(0.170)N(2.386)-8,DIAMOND,18 Ct/85,0,1
2429L1,2429,,DEFAULT,ER-C(0.280)N(4.594)-9,DIAMOND,18 Ct/85,0,1
242L1,242,,DEFAULT,RL1-C(0.23)N(3.864)-14688A1,DIAMOND,18 Ct/85,0,1
2430L1,2430,,DEFAULT,ER-C(1.090)N(4.912)-10,DIAMOND,18 Ct/85,0,1
2431L1,2431,,DEFAULT,PENDANTL-C(0.630)N(2.724)-1,DIAMOND,18 Ct/85,0,1
2432L1,2432,,DEFAULT,TM-C(0.860)N(4.508)-2,DIAMOND,18 Ct/85,0,1
2433L1,2433,,DEFAULT,TM-C(0.500)N(2.210)-3,DIAMOND,18 Ct/85,0,1
2434L1,2434,,DEFAULT,TM-C(0.670)N(3.726)-4,DIAMOND,18 Ct/85,0,1
2435L1,2435,,DEFAULT,TM-C(0.530)N(2.844)-5,DIAMOND,18 Ct/85,0,1
2436L1,2436,,DEFAULT,TM-C(0.910)N(4.308)-6,DIAMOND,18 Ct/85,0,1
2437L1,2437,,DEFAULT,TM-C(0.540)N(3.732)-7,DIAMOND,18 Ct/85,0,1
2438L1,2438,,DEFAULT,RG1-C(0.270)N(4.526)-8,DIAMOND,18 Ct/85,0,1
2439L1,2439,,DEFAULT,RG1-C(0.260)N(4.298)-1,DIAMOND,18 Ct/85,0,1
243L1,243,,DEFAULT,RL1-C(0.26)N(1.988)-14699A1,DIAMOND,18 Ct/85,0,1
2440L1,2440,DOKIYA,20INCH,815-5,GOLD,22 Ct,0,2
2441L1,2441,LADIES FANCY ANGUTHI,20NO,755-5,GOLD,22 Ct,0,1
2442L1,2442,LADIES BRACELET,DEFAULT,394-5,GOLD,22 Ct,0,1
2443L1,2443,LADIES CASTING ANGUTHI,6NO,391-5,GOLD,22 Ct,0,12
2444L1,2444,BANGLE MACHINE 2,2.10INCH,75-5,GOLD,22 Ct,0,2
2445L1,2445,SARDAR KADA,2.5INCH,67-5,GOLD,22 Ct,0,1
2446L1,2446,,DEFAULT,RL1-C(0.000)N(4.318)-1,DIAMOND,18 Ct/85,0,1
2447L1,2447,KARDA,27NO,807-5,GOLD,22 Ct,0,1
2448L1,2448,,DEFAULT,TM-C(1.050)N(4.110)-1,DIAMOND,18 Ct/85,0,1
244L1,244,,DEFAULT,RL1-C(0.63)N(4.194)-14703A1,DIAMOND,18 Ct/85,0,1
2453L1,2453,,DEFAULT,RL1-C(0.200)N(1.900)-1,DIAMOND,18 Ct/85,0,1
2455L1,2455,,DEFAULT,RL1-C(0.110)N(3.458)-2,DIAMOND,18 Ct/85,0,1
2456L1,2456,,DEFAULT,RL1-C(0.210)N(3.238)-3,DIAMOND,18 Ct/85,0,1
2457L1,2457,,DEFAULT,RL1-C(0.110)N(2.158)-4,DIAMOND,18 Ct/85,0,1
2458L1,2458,,DEFAULT,RL1-C(0.180)N(2.264)-5,DIAMOND,18 Ct/85,0,1
2459L1,2459,,DEFAULT,RL1-C(0.200)N(1.890)-6,DIAMOND,18 Ct/85,0,1
245L1,245,,DEFAULT,RL1-C(1.34)N(5.412)-14704A1,DIAMOND,18 Ct/85,0,1
2460L1,2460,,DEFAULT,RL1-C(0.320)N(1.886)-7,DIAMOND,18 Ct/85,0,1
2461L1,2461,,DEFAULT,RL1-C(0.110)N(1.638)-8,DIAMOND,18 Ct/85,0,1
2462L1,2462,,DEFAULT,RL1-C(0.190)N(2.412)-9,DIAMOND,18 Ct/85,0,1
2463L1,2463,,DEFAULT,RL1-C(0.140)N(2.222)-10,DIAMOND,18 Ct/85,0,1
2464L1,2464,,DEFAULT,RL1-C(0.110)N(2.068)-11,DIAMOND,18 Ct/85,0,1
2465L1,2465,,DEFAULT,RL1-C(0.220)N(2.516)-12,DIAMOND,18 Ct/85,0,1
2466L1,2466,,DEFAULT,RL1-C(0.140)N(2.482)-13,DIAMOND,18 Ct/85,0,1
2467L1,2467,,DEFAULT,RL1-C(0.110)N(2.278)-14,DIAMOND,18 Ct/85,0,1
2468L1,2468,,DEFAULT,RL1-C(0.100)N(2.540)-15,DIAMOND,18 Ct/85,0,1
2469L1,2469,,DEFAULT,RL1-C(0.110)N(2.228)-16,DIAMOND,18 Ct/85,0,1
246L1,246,,DEFAULT,RL1-C(0.97)N(5.856)-14706A1,DIAMOND,18 Ct/85,0,1
2470L1,2470,,DEFAULT,RL1-C(0.180)N(2.494)-17,DIAMOND,18 Ct/85,0,1
2471L1,2471,,DEFAULT,RL1-C(0.200)N(2.620)-18,DIAMOND,18 Ct/85,0,1
2472L1,2472,,DEFAULT,RL1-C(0.130)N(2.334)-19,DIAMOND,18 Ct/85,0,1
2473L1,2473,,DEFAULT,RL1-C(0.120)N(2.616)-20,DIAMOND,18 Ct/85,0,1
2474L1,2474,,DEFAULT,RL1-C(0.130)N(2.314)-21,DIAMOND,18 Ct/85,0,1
2475L1,2475,,DEFAULT,RL1-C(0.160)N(2.378)-22,DIAMOND,18 Ct/85,0,1
2476L1,2476,,DEFAULT,RL1-C(0.090)N(2.052)-23,DIAMOND,18 Ct/85,0,1
2477L1,2477,,DEFAULT,RL1-C(0.160)N(1.858)-24,DIAMOND,18 Ct/85,0,1
2478L1,2478,BY KADA BABY 1,DEFAULT,125-5,GOLD,22 Ct,0,3
2479L1,2479,KARDA,24NO,807-5,GOLD,22 Ct,0,9
247L1,247,,DEFAULT,RL1-C(0.62)N(4.366)-14708A1,DIAMOND,18 Ct/85,0,1
2480L1,2480,FANCY KANGAN 1,2.4INCH,126-5,GOLD,22 Ct,0,3
2481L1,2481,OM PADAK PURE-1,DEFAULT,535-1,GOLD,24 Ct,0,1
2482L1,2482,KARDA,26NO,807-5,GOLD,22 Ct,0,2
2483L1,2483,BRACELET GENTS HOLLOW,10INCH,43-5,GOLD,22 Ct,0,1
2484L1,2484,,DEFAULT,RG1-C(0.200)N(5.420)-1,DIAMOND,18 Ct/85,0,1
2485L1,2485,,DEFAULT,RL1-C(0.150)N(3.410)-2,DIAMOND,18 Ct/85,0,1
2486L1,2486,,DEFAULT,RL1-C(0.170)N(3.636)-3,DIAMOND,18 Ct/85,0,1
2487L1,2487,,DEFAULT,RL1-C(0.150)N(3.260)-4,DIAMOND,18 Ct/85,0,1
2488L1,2488,,DEFAULT,RL1-C(0.130)N(1.924)-5,DIAMOND,18 Ct/85,0,1
2489L1,2489,,DEFAULT,RL1-C(0.160)N(2.468)-6,DIAMOND,18 Ct/85,0,1
248L1,248,,DEFAULT,RL1-C(0.23)N(3.504)-14716A1,DIAMOND,18 Ct/85,0,1
2490L1,2490,,DEFAULT,RL1-C(0.270)N(2.226)-7,DIAMOND,18 Ct/85,0,1
2491L1,2491,LONG NANO POTE,32INCH,766-5,GOLD,22 Ct,0,3
2492L1,2492,INDO-ITALIAN,24INCH,797-5,GOLD,22 Ct,0,2
2493L15,2493,DOKIYA,16INCH,815-5,GOLD,22 Ct,0,11
2494L1,2494,GENTS CASTING ANGUTHI,10NO,142-5,GOLD,22 Ct,0,2
2495L1,2495,,DEFAULT,TM-C(0.400)N(2.340)-1,DIAMOND,18 Ct/85,0,1
2496L1,2496,,DEFAULT,NP-C(0.150)N(0.240)-1,DIAMOND,18 Ct/85,0,1
2497L1,2497,,DEFAULT,NP-C(0.100)N(0.200)-2,DIAMOND,18 Ct/85,0,1
2498L1,2498,,DEFAULT,NP-C(0.060)N(0.178)-3,DIAMOND,18 Ct/85,0,1
2499L1,2499,,DEFAULT,NP-C(0.060)N(0.188)-4,DIAMOND,18 Ct/85,0,1
249L1,249,,DEFAULT,RL1-C(0.49)N(2.892)-14717A1,DIAMOND,18 Ct/85,0,1
24L1,24,BANGLE KANAS 4,DEFAULT,55-6,GOLD,22 Ct,0,15
2500L1,2500,,DEFAULT,NP-C(0.050)N(0.180)-5,DIAMOND,18 Ct/85,0,1
2501L1,2501,,DEFAULT,NP-C(0.050)N(0.190)-6,DIAMOND,18 Ct/85,0,1
2502L1,2502,,DEFAULT,NP-C(0.050)N(0.190)-7,DIAMOND,18 Ct/85,0,1
2503L1,2503,,DEFAULT,NP-C(0.050)N(0.180)-8,DIAMOND,18 Ct/85,0,1
2504L1,2504,,DEFAULT,NP-C(0.040)N(0.182)-9,DIAMOND,18 Ct/85,0,1
2505L1,2505,,DEFAULT,NP-C(0.040)N(0.172)-10,DIAMOND,18 Ct/85,0,1
2506L1,2506,,DEFAULT,NP-C(0.040)N(0.182)-11,DIAMOND,18 Ct/85,0,1
2507L1,2507,,DEFAULT,NP-C(0.040)N(0.182)-12,DIAMOND,18 Ct/85,0,1
2508L1,2508,SHORT CHAIN POTE,18INCH,763-2,GOLD,18 Ct,0,1
2509L1,2509,GENTS FANCY ANGUTHI,28NO,754-5,GOLD,22 Ct,0,2
250L1,250,,DEFAULT,RL1-C(0.56)N(5.898)-14719A1,DIAMOND,18 Ct/85,0,1
2510L1,2510,BY BANGLE FANCY 4,2.4INCH,432-5,GOLD,22 Ct,0,2
2511L1,2511,FANCY RINGA,DEFAULT,154-2,GOLD,18 Ct,0,20
2511L11,2511,FANCY RINGA,DEFAULT,154-2,GOLD,18 Ct,1,1
2512L1,2512,,DEFAULT,NP-C(0.070)N(0.226)-1,DIAMOND,18 Ct/85,0,1
2513L1,2513,,DEFAULT,NP-C(0.060)N(0.208)-2,DIAMOND,18 Ct/85,0,1
2514L1,2514,,DEFAULT,NP-C(0.060)N(0.208)-3,DIAMOND,18 Ct/85,0,1
2515L1,2515,GENTS FANCY ANGUTHI,23NO,754-5,GOLD,22 Ct,0,29
2516L1,2516,SHORT CHAIN POTE,DEFAULT,763-5,GOLD,22 Ct,0,26
2517L1,2517,BY KADA BABY 2,2INCH,68-5,GOLD,22 Ct,0,1
2518L1,2518,,DEFAULT,ER-C(0.300)N(4.800)-1,DIAMOND,18 Ct/85,0,1
2519L1,2519,,DEFAULT,ER-C(0.320)N(3.106)-2,DIAMOND,18 Ct/85,0,1
251L1,251,,DEFAULT,RL1-C(0.48)N(5.504)-14720A1,DIAMOND,18 Ct/85,0,1
2520L1,2520,,DEFAULT,ER-C(0.320)N(2.746)-3,DIAMOND,18 Ct/85,0,1
2521L1,2521,,DEFAULT,ER-C(0.370)N(3.446)-4,DIAMOND,18 Ct/85,0,1
2523L1,2523,,DEFAULT,RG1-C(0.310)N(4.748)-6,DIAMOND,18 Ct/85,0,1
2524L1,2524,,DEFAULT,RG1-C(0.190)N(4.472)-7,DIAMOND,18 Ct/85,0,1
2525L1,2525,,DEFAULT,RG1-C(0.360)N(6.388)-8,DIAMOND,18 Ct/85,0,1
2526L1,2526,,DEFAULT,RG1-C(0.130)N(4.784)-9,DIAMOND,18 Ct/85,0,1
2527L1,2527,,DEFAULT,RG1-C(0.130)N(5.424)-10,DIAMOND,18 Ct/85,0,1
2528L1,2528,,DEFAULT,RG1-C(0.060)N(9.018)-11,DIAMOND,18 Ct/85,0,1
2529L1,2529,,DEFAULT,NP-C(0.150)N(0.250)-12,DIAMOND,18 Ct/85,0,1
252L1,252,,DEFAULT,RL1-C(0.51)N(4.498)-14722A1,DIAMOND,18 Ct/85,0,1
2530L1,2530,,DEFAULT,RL1-C(0.160)N(2.058)-1,DIAMOND,18 Ct/85,0,1
2531L1,2531,,DEFAULT,RL1-C(0.160)N(2.328)-2,DIAMOND,18 Ct/85,0,1
2532L1,2532,JIBHI,DEFAULT,716-10,SILVER,SILVER,0,9
2533L1,2533,JANWA,DEFAULT,859-5,GOLD,22 Ct,0,1
2534L1,2534,,DEFAULT,RG1-C(0.230)N(5.914)-1,DIAMOND,18 Ct/85,0,1
2535L1,2535,,DEFAULT,RG1-C(0.200)N(4.800)-2,DIAMOND,18 Ct/85,0,1
2536L1,2536,FANCY KANGAN 1,2.5INCH,126-5,GOLD,22 Ct,0,5
2537L1,2537,BANGLE PLAIN,DEFAULT,714-10,SILVER,SILVER,0,1
2538L1,2538,LADIES FANCY ANGUTHI,11NO,755-5,GOLD,22 Ct,0,10
2539L1,2539,GENTS HOLLOW BRACELET,DEFAULT,395-5,GOLD,22 Ct,0,2
253L1,253,,DEFAULT,RL1-C(2.39)N(7.232)-14726A1,DIAMOND,18 Ct/85,0,1
2540L1,2540,BANGLE MACHINE 1,2.10INCH,774-5,GOLD,22 Ct,0,1
2541L1,2541,,DEFAULT,RG1-C(0.250)N(4.910)-1,DIAMOND,18 Ct/85,0,1
2542L1,2542,,DEFAULT,TM-C(0.380)N(2.224)-2,DIAMOND,18 Ct/85,0,1
2543L1,2543,,DEFAULT,TM-C(0.440)N(3.042)-3,DIAMOND,18 Ct/85,0,1
2544L1,2544,,DEFAULT,TM-C(0.210)N(3.198)-4,DIAMOND,18 Ct/85,0,1
2545L1,2545,,DEFAULT,TM-C(0.450)N(2.870)-5,DIAMOND,18 Ct/85,0,1
2546L1,2546,,DEFAULT,TM-C(0.420)N(2.346)-6,DIAMOND,18 Ct/85,0,1
2547L1,2547,,DEFAULT,RG1-C(0.050)N(3.700)-1,DIAMOND,18 Ct/85,0,1
2548L1,2548,GENTS FANCY ANGUTHI,15NO,754-5,GOLD,22 Ct,0,4
2549L1,2549,BY PATLI MACHINE 2,DEFAULT,780-5,GOLD,22 Ct,0,1
254L1,254,,DEFAULT,RL1-C(1.03)N(10.254)-14730A1,DIAMOND,18 Ct/85,0,1
2550L1,2550,GENTS FANCY ANGUTHI,16NO,754-5,GOLD,22 Ct,0,10
2551L1,2551,.GULAB DANI,DEFAULT,490-10,SILVER,SILVER,0,1
2552L1,2552,,DEFAULT,ER-C(0.000)N(7.804)-1,DIAMOND,18 Ct/85,0,1
2553L1,2553,,DEFAULT,NP-C(0.000)N(0.226)-2,DIAMOND,18 Ct/85,0,1
2554L1,2554,KARDA,7NO,807-5,GOLD,22 Ct,0,4
2555L1,2555,BELA SADA 2,DEFAULT,862-10,SILVER,SILVER,0,1614
2556L100,2556,BELA SPRING 2,DEFAULT,864-10,SILVER,SILVER,0,141
2557L1,2557,BELA SUTTE 4,DEFAULT,865-10,SILVER,SILVER,0,362
2558L1,2558,BELA SADA 1,DEFAULT,863-10,SILVER,SILVER,0,225
2559L1,2559,BACCHA YELI PURE,DEFAULT,871-10,SILVER,SILVER,0,99
255L1,255,,DEFAULT,RL1-C(0.26)N(2.158)-14733A1,DIAMOND,18 Ct/85,0,1
2560L1,2560,BACCHA PATLI PURE,DEFAULT,869-10,SILVER,SILVER,0,150
2561L1,2561,BACCHA VALA PURE,DEFAULT,870-10,SILVER,SILVER,0,303
2562L1,2562,BACCHA KADA PURE,DEFAULT,868-10,SILVER,SILVER,0,347
2563L1,2563,,DEFAULT,ER-C(0.410)N(4.018)-1,DIAMOND,18 Ct/85,0,1
2564L1,2564,,DEFAULT,ER-C(0.110)N(3.308)-2,DIAMOND,18 Ct/85,0,1
2565L10,2565,VIRODYA PURE,DEFAULT,872-10,SILVER,SILVER,0,312
2566L1,2566,,DEFAULT,ER-C(0.240)N(3.302)-3,DIAMOND,18 Ct/85,0,1
2567L1,2567,,DEFAULT,ER-C(0.230)N(2.574)-4,DIAMOND,18 Ct/85,0,1
2568L1,2568,,DEFAULT,NP-C(0.070)N(0.636)-5,DIAMOND,18 Ct/85,0,1
256L1,256,,DEFAULT,RL1-C(0.63)N(4.204)-14734A1,DIAMOND,18 Ct/85,0,1
2570L1,2570,PLAIN KANDORA,DEFAULT,873-10,SILVER,SILVER,0,27
2571L1,2571,PLAIN BACHHA KANDORA,DEFAULT,884-10,SILVER,SILVER,0,9
2572L1,2572,GHUNGARU VALA,DEFAULT,874-10,SILVER,SILVER,0,179
2573L1,2573,PAYAL SADI,10INCH,474-10,SILVER,SILVER,0,99
2574L1,2574,PAYAL SADI,10.5INCH,474-10,SILVER,SILVER,0,230
2575L1,2575,SARDAR KADA,2.1INCH,67-5,GOLD,22 Ct,0,2
2576L1469,2576,PAYAL SADI,11INCH,474-10,SILVER,SILVER,0,67
2577L1,2577,BRACELET PAYAL,10INCH,881-10,SILVER,SILVER,0,5
2578L1,2578,GHUNGARU PAYAL BACCHA,5INCH,883-10,SILVER,SILVER,0,31
2579L1,2579,SADI PAYAL BACCHA,5.5INCH,830-10,SILVER,SILVER,0,14
257L1,257,,DEFAULT,RL1-C(1.26)N(3.658)-14737A1,DIAMOND,18 Ct/85,0,1
2580L1,2580,GHUNGARU PAYAL BACCHA,5.5INCH,883-10,SILVER,SILVER,0,24
2581L110,2581,SADI PAYAL BACCHA,6INCH,830-10,SILVER,SILVER,0,46
2582L1,2582,GHUNGARU PAYAL BACCHA,6INCH,883-10,SILVER,SILVER,0,44
2583L1,2583,SADI PAYAL BACCHA,6.5INCH,830-10,SILVER,SILVER,0,11
2584L146,2584,GHUNGARU PAYAL BACCHA,6.5INCH,883-10,SILVER,SILVER,0,30
2585L41,2585,SADI PAYAL BACCHA,8INCH,830-10,SILVER,SILVER,0,18
2586L1,2586,GHUNGARU PAYAL BACCHA,8INCH,883-10,SILVER,SILVER,0,9
2587L1,2587,SADI PAYAL BACCHA,7INCH,830-10,SILVER,SILVER,0,44
2588L1,2588,GHUNGARU PAYAL BACCHA,7INCH,883-10,SILVER,SILVER,0,29
2589L1,2589,GHUNGARU PAYAL BACCHA,7.5INCH,883-10,SILVER,SILVER,0,17
258L1,258,,DEFAULT,RL1-C(1.07)N(5.136)-14740A1,DIAMOND,18 Ct/85,0,1
2590L1,2590,KARDA,4NO,807-5,GOLD,22 Ct,0,4
2591L1,2591,SADI PAYAL BACCHA,7.5INCH,830-10,SILVER,SILVER,0,5
2592L1,2592,FANCY PAYAL BACCHA,6.5INCH,902-10,SILVER,SILVER,0,19
2593L1,2593,HYDERABADI PAYAL,12INCH,578-10,SILVER,SILVER,0,1
2594L10,2594,MEENA PAYAL,10.5INCH,878-10,SILVER,SILVER,0,754
2595L1,2595,HYDERABADI PAYAL,11INCH,578-10,SILVER,SILVER,0,2
2596L1,2596,HYDERABADI PAYAL,10.5INCH,578-10,SILVER,SILVER,0,47
2597L10,2597,BRACELET PAYAL,10.5INCH,881-10,SILVER,SILVER,0,113
2598L1,2598,ANKLET PAYAL,DEFAULT,330-10,SILVER,SILVER,0,34
2599L100,2599,STONEWALI PAYAL,10.5INCH,877-10,SILVER,SILVER,0,364
259L1,259,,DEFAULT,RL1-C(1.84)N(8.342)-14741A1,DIAMOND,18 Ct/85,0,1
25L1,25,SARDAR KADA,DEFAULT,67-5,GOLD,22 Ct,0,7
2600L1,2600,ZALARWALI PAYAL,10.5INCH,876-10,SILVER,SILVER,0,55
2601L10,2601,PLAIN FANCY PAYAL,10.5INCH,880-10,SILVER,SILVER,0,775
2602L1,2602,MEENA PAYAL,11INCH,878-10,SILVER,SILVER,0,18
2603L1,2603,MEENA PAYAL,12INCH,878-10,SILVER,SILVER,0,45
2604L10,2604,FANCY PAYAL BACCHA,8INCH,902-10,SILVER,SILVER,0,54
2605L1,2605,FANCY PAYAL BACCHA,7.5INCH,902-10,SILVER,SILVER,0,15
2606L100,2606,BROAD STONE PAYAL,10.5INCH,926-10,SILVER,SILVER,0,42
2607L1,2607,BROAD MEENA PAYAL,10.5INCH,924-10,SILVER,SILVER,0,59
2608L12,2608,BROAD PLAIN PAYAL,10.5INCH,925-10,SILVER,SILVER,0,38
2609L100,2609,ANKLET PAYAL,10.5INCH,330-10,SILVER,SILVER,0,71
260L1,260,,DEFAULT,RL1-C(0.92)N(2.716)-14748A1,DIAMOND,18 Ct/85,0,1
2610L104,2610,TENDULKAR CHAIN,16INCH,528-10,SILVER,SILVER,0,23
2611L1,2611,SNAKE CHAIN,16INCH,527-10,SILVER,SILVER,0,77
2612L1,2612,GOFE CHAIN,16INCH,531-10,SILVER,SILVER,0,150
2613L424,2613,SNAKE CHAIN,18INCH,527-10,SILVER,SILVER,0,57
2614L1,2614,CUBAN CHAIN,18INCH,529-10,SILVER,SILVER,0,24
2615L1,2615,GOFE CHAIN,18INCH,531-10,SILVER,SILVER,0,46
2616L1,2616,CUBAN CHAIN,16INCH,529-10,SILVER,SILVER,0,35
2617L1,2617,DESIGNER CHAIN,18INCH,533-10,SILVER,SILVER,0,54
2618L1,2618,DESIGNER CHAIN,16INCH,533-10,SILVER,SILVER,0,171
2619L135,2619,DESIGNER CHAIN,20INCH,533-10,SILVER,SILVER,0,190
261L1,261,,DEFAULT,RL1-C(0.09)N(3.762)-14749A1,DIAMOND,18 Ct/85,0,1
2620L169,2620,DESIGNER CHAIN,22INCH,533-10,SILVER,SILVER,0,93
2621L1,2621,SNAKE CHAIN,22INCH,527-10,SILVER,SILVER,0,72
2622L1,2622,CUBAN CHAIN,22INCH,529-10,SILVER,SILVER,0,46
2623L1,2623,TENDULKAR CHAIN,22INCH,528-10,SILVER,SILVER,0,21
2624L1,2624,GOFE CHAIN,22INCH,531-10,SILVER,SILVER,0,62
2625L1,2625,SNAKE CHAIN,20INCH,527-10,SILVER,SILVER,0,168
2626L341,2626,GOFE CHAIN,20INCH,531-10,SILVER,SILVER,0,143
2627L1,2627,HOLLOW CHAIN,20INCH,532-10,SILVER,SILVER,0,2
2628L1,2628,CUBAN CHAIN,20INCH,529-10,SILVER,SILVER,0,64
2629L1,2629,BOX CHAIN,20INCH,530-10,SILVER,SILVER,0,19
262L1,262,,DEFAULT,RL1-C(2.01)N(12.408)-14751A1,DIAMOND,18 Ct/85,0,1
2630L1,2630,TENDULKAR CHAIN,20INCH,528-10,SILVER,SILVER,0,17
2631L231,2631,BOX CHAIN,24INCH,530-10,SILVER,SILVER,0,31
2632L1,2632,HOLLOW CHAIN,24INCH,532-10,SILVER,SILVER,0,3
2633L1,2633,SNAKE CHAIN,24INCH,527-10,SILVER,SILVER,0,115
2634L1,2634,DESIGNER CHAIN,24INCH,533-10,SILVER,SILVER,0,65
2635L345,2635,GOFE CHAIN,24INCH,531-10,SILVER,SILVER,0,136
2636L1,2636,CUBAN CHAIN,24INCH,529-10,SILVER,SILVER,0,97
2637L1,2637,BADAM ANGUTHI,19NO,896-10,SILVER,SILVER,0,52
2638L1,2638,BADAM ANGUTHI,21NO,896-10,SILVER,SILVER,0,37
2639L3,2639,BADAM ANGUTHI,24NO,896-10,SILVER,SILVER,0,2
263L1,263,,DEFAULT,RL1-C(2.09)N(8.322)-14754A1,DIAMOND,18 Ct/85,0,1
2640L1,2640,MOTI PLAIN ANGUTHI,10NO,893-10,SILVER,SILVER,0,77
2641L11,2641,MOTI PLAIN ANGUTHI,9NO,893-10,SILVER,SILVER,0,30
2642L1,2642,MOTI PLAIN ANGUTHI,11NO,893-10,SILVER,SILVER,0,20
2643L1,2643,MOTI PLAIN ANGUTHI,6NO,893-10,SILVER,SILVER,0,11
2644L1,2644,MOTI PLAIN ANGUTHI,23NO,893-10,SILVER,SILVER,0,2
2645L1,2645,MOTI PLAIN ANGUTHI,8NO,893-10,SILVER,SILVER,0,10
2646L1,2646,MOTI PLAIN ANGUTHI,20NO,893-10,SILVER,SILVER,0,11
2647L1,2647,MOTI PLAIN ANGUTHI,4NO,893-10,SILVER,SILVER,0,9
2648L102,2648,MOTI PLAIN ANGUTHI,7NO,893-10,SILVER,SILVER,0,12
2649L1,2649,MOTI PLAIN ANGUTHI,14NO,893-10,SILVER,SILVER,0,3
264L1,264,,DEFAULT,RL1-C(1.28)N(4.964)-14757A1,DIAMOND,18 Ct/85,0,1
2650L1,2650,MOTI PLAIN ANGUTHI,15NO,893-10,SILVER,SILVER,0,9
2651L1,2651,TORTOISE ANGUTHI,23NO,888-10,SILVER,SILVER,0,3
2652L1,2652,STONE ANGUTHI,9NO,898-10,SILVER,SILVER,0,8
2653L1,2653,STONE ANGUTHI,11NO,898-10,SILVER,SILVER,0,10
2654L1,2654,STONE ANGUTHI,14NO,898-10,SILVER,SILVER,0,13
2655L1,2655,STONE ANGUTHI,15NO,898-10,SILVER,SILVER,0,17
2656L1,2656,STONE ANGUTHI,17NO,898-10,SILVER,SILVER,0,10
2657L1,2657,STONE ANGUTHI,18NO,898-10,SILVER,SILVER,0,24
2658L1,2658,STONE ANGUTHI,19NO,898-10,SILVER,SILVER,0,6
2659L1,2659,STONE ANGUTHI,21NO,898-10,SILVER,SILVER,0,10
265L1,265,,DEFAULT,RG1-C(0.33)N(4.104)-14765A1,DIAMOND,18 Ct/85,0,1
2660L1,2660,STONE ANGUTHI,23NO,898-10,SILVER,SILVER,0,7
2661L1,2661,STONE ANGUTHI,25NO,898-10,SILVER,SILVER,0,5
2662L42,2662,COUPLE BAND PLAIN,12NO,900-10,SILVER,SILVER,0,13
2663L1,2663,COUPLE BAND PLAIN,14NO,900-10,SILVER,SILVER,0,30
2664L1,2664,COUPLE BAND PLAIN,16NO,900-10,SILVER,SILVER,0,59
2665L1,2665,COUPLE BAND PLAIN,18NO,900-10,SILVER,SILVER,0,11
2666L1,2666,RAJMUDRA PLAIN ANGUTHI,8NO,886-10,SILVER,SILVER,0,3
2667L1,2667,RAJMUDRA PLAIN ANGUTHI,9NO,886-10,SILVER,SILVER,0,1
2668L1,2668,STONE ANGUTHI,20NO,898-10,SILVER,SILVER,0,34
2669L1,2669,RAJMUDRA MEENA ANGUTHI,21NO,887-10,SILVER,SILVER,0,2
266L1,266,,DEFAULT,RG1-C(0.53)N(5.294)-14766A1,DIAMOND,18 Ct/85,0,1
2670L1,2670,RAJMUDRA MEENA ANGUTHI,19NO,887-10,SILVER,SILVER,0,5
2671L1,2671,RAJMUDRA MEENA ANGUTHI,22NO,887-10,SILVER,SILVER,0,1
2672L1,2672,RAJMUDRA MEENA ANGUTHI,20NO,887-10,SILVER,SILVER,0,6
2673L1,2673,RAJMUDRA MEENA ANGUTHI,27NO,887-10,SILVER,SILVER,0,1
2674L1,2674,RAJMUDRA MEENA ANGUTHI,15NO,887-10,SILVER,SILVER,0,1
2675L1,2675,RAJMUDRA MEENA ANGUTHI,13NO,887-10,SILVER,SILVER,0,4
2676L1,2676,OM PLAN PENDANT,DEFAULT,895-10,SILVER,SILVER,0,215
2677L137,2677,STONE ANGUTHI,16NO,898-10,SILVER,SILVER,0,17
2678L127,2678,STONE ANGUTHI,13NO,898-10,SILVER,SILVER,0,13
2679L217,2679,STONE ANGUTHI,8NO,898-10,SILVER,SILVER,0,8
267L1,267,,DEFAULT,RL1-C(1.03)N(3.834)-14784A1,DIAMOND,18 Ct/85,0,1
2680L1,2680,STONE PENDANT,DEFAULT,899-10,SILVER,SILVER,0,156
2681L1,2681,SATI PENDANT,DEFAULT,892-10,SILVER,SILVER,0,85
2682L10,2682,MOTI PLAIN PENDANT,DEFAULT,894-10,SILVER,SILVER,0,49
2683L1,2683,TABIZ,DEFAULT,928-10,SILVER,SILVER,0,11
2684L33,2684,CHIK BIJASAN SILVER,DEFAULT,929-10,SILVER,SILVER,0,5
2685L1,2685,JANTAR PENDANT,DEFAULT,891-10,SILVER,SILVER,0,38
2686L12,2686,RAJMUDRA PENDANT,DEFAULT,930-10,SILVER,SILVER,0,8
2687L1,2687,FANCY PENDANT,DEFAULT,931-10,SILVER,SILVER,0,20
2688L1,2688,ALPHABET PENDANT,DEFAULT,889-10,SILVER,SILVER,0,3
2689L10,2689,GOD PENDANT,DEFAULT,890-10,SILVER,SILVER,0,61
268L1,268,,DEFAULT,RG1-C(1.15)N(8.05)-14789A1,DIAMOND,18 Ct/85,0,1
2690L1,2690,STONE ANGUTHI,4NO,898-10,SILVER,SILVER,0,6
2691L135,2691,STONE ANGUTHI,10NO,898-10,SILVER,SILVER,0,7
2692L1,2692,STONE ANGUTHI,12NO,898-10,SILVER,SILVER,0,7
2693L1,2693,GANESHJI,DEFAULT,910-10,SILVER,SILVER,0,94
2694L1,2694,LAXMIJI,DEFAULT,914-10,SILVER,SILVER,0,189
2695L1,2695,BALKRISHNA,DEFAULT,905-10,SILVER,SILVER,0,37
2696L1,2696,HAATHI,DEFAULT,911-10,SILVER,SILVER,0,50
2697L1,2697,SARSWATIJI,DEFAULT,920-10,SILVER,SILVER,0,24
2698L1,2698,SHIVPIND,DEFAULT,921-10,SILVER,SILVER,0,13
2699L1,2699,KUBERJI,DEFAULT,913-10,SILVER,SILVER,0,27
269L1,269,,DEFAULT,RG1-C(0.87)N(7.646)-14791A1,DIAMOND,18 Ct/85,0,1
26L2,26,SARDAR KADA,DEFAULT,67-6,GOLD,22 Ct,0,2
26L6,26,SARDAR KADA,2.6INCH,67-5,GOLD,22 Ct,0,1
2700L1,2700,TULJABHAWANI,DEFAULT,923-10,SILVER,SILVER,0,11
2701L1,2701,ANNAPURNAJI,DEFAULT,903-10,SILVER,SILVER,0,61
2702L1,2702,GAIVASRU,DEFAULT,909-10,SILVER,SILVER,0,39
2703L10,2703,HOLLO MURTI,DEFAULT,912-10,SILVER,SILVER,0,14
2704L1,2704,RAM DARBAR,DEFAULT,932-10,SILVER,SILVER,0,3
2705L1,2705,SAPTSHRUNGI,DEFAULT,919-10,SILVER,SILVER,0,8
2706L10,2706,LAXMINARAYAN,DEFAULT,915-10,SILVER,SILVER,0,10
2707L1,2707,RENUKAMATA,DEFAULT,916-10,SILVER,SILVER,0,2
2708L1,2708,DHANWANTARI,DEFAULT,934-10,SILVER,SILVER,0,2
2709L1,2709,TRIMURTI(LGS),DEFAULT,933-10,SILVER,SILVER,0,1
270L1,270,,DEFAULT,RG1-C(1.21)N(11.648)-14792A1,DIAMOND,18 Ct/85,0,1
2710L2,2710,DATTAGURU,DEFAULT,906-10,SILVER,SILVER,0,2
2711L2,2711,SWAMISAMARTH,DEFAULT,922-10,SILVER,SILVER,0,1
2712L1,2712,GENTS ANGUTHI,30NO,406-5,GOLD,22 Ct,0,1
2713L1,2713,COUPLE BAND PLAIN,30NO,900-10,SILVER,SILVER,0,2
2714L1,2714,MOTI PLAIN ANGUTHI,22NO,893-10,SILVER,SILVER,0,1
2715L1,2715,RAJMUDRA PLAIN ANGUTHI,28NO,886-10,SILVER,SILVER,0,1
2716L1,2716,BADAM ANGUTHI,9NO,896-10,SILVER,SILVER,0,16
2717L167,2717,ATTHA BRACELATE,8INCH,742-10,SILVER,SILVER,0,299
2718L1,2718,COUPLE BAND PLAIN,10NO,900-10,SILVER,SILVER,0,15
2719L1,2719,PADUKA,DEFAULT,969-10,SILVER,SILVER,0,6
271L1,271,,DEFAULT,RG1-C(0.07)N(7.516)-14794A1,DIAMOND,18 Ct/85,0,1
2720L1,2720,DURWAMAL,DEFAULT,945-10,SILVER,SILVER,0,2
2721L1,2721,KARLAVEL,DEFAULT,953-10,SILVER,SILVER,0,15
2722L1,2722,AGARBATI STAND,DEFAULT,936-10,SILVER,SILVER,0,12
2723L1,2723,PHUL,DEFAULT,1012-10,SILVER,SILVER,0,40
2724L1,2724,PAAN,DEFAULT,968-10,SILVER,SILVER,0,14
2725L1,2725,GADA,DEFAULT,946-10,SILVER,SILVER,0,3
2726L1,2726,KELI,DEFAULT,955-10,SILVER,SILVER,0,1
2727L1,2727,BASURI,DEFAULT,940-10,SILVER,SILVER,0,3
2728L1,2728,SHANKARNI,DEFAULT,976-10,SILVER,SILVER,0,4
2729L1,2729,TRISHUL,DEFAULT,984-10,SILVER,SILVER,0,3
272L1,272,,DEFAULT,RL1-C(1.2)N(5.21)-14799A1,DIAMOND,18 Ct/85,0,1
2730L1,2730,KUBER YANTRA,DEFAULT,959-10,SILVER,SILVER,0,2
2731L1,2731,PANCHARTI,DEFAULT,971-10,SILVER,SILVER,0,2
2732L1,2732,TULSI PAAN,DEFAULT,985-10,SILVER,SILVER,0,1
2733L1,2733,GHANTEE,DEFAULT,947-10,SILVER,SILVER,0,6
2734L1,2734,KUHIRI,DEFAULT,960-10,SILVER,SILVER,0,36
2735L1,2735,DEEVA,DEFAULT,944-10,SILVER,SILVER,0,220
2736L1,2736,CHHATRA,DEFAULT,943-10,SILVER,SILVER,0,20
2737L1,2737,POOJA NARAL,DEFAULT,972-10,SILVER,SILVER,0,34
2738L1,2738,MURTI MUKUT,DEFAULT,966-10,SILVER,SILVER,0,15
2739L1,2739,SIHASAN,DEFAULT,978-10,SILVER,SILVER,0,22
273L1,273,,DEFAULT,RL1-C(0.23)N(2.264)-14800A1,DIAMOND,18 Ct/85,0,1
2740L1,2740,PUJA SAMAI,DEFAULT,973-10,SILVER,SILVER,0,19
2741L1,2741,KARANDAPLATE,DEFAULT,952-10,SILVER,SILVER,0,12
2742L1,2742,KARANDAA,DEFAULT,951-10,SILVER,SILVER,0,94
2743L1,2743,LOTIBHANDI,DEFAULT,962-10,SILVER,SILVER,0,68
2744L1,2744,COUPLE BAND PLAIN,21NO,900-10,SILVER,SILVER,0,11
2745L1,2745,FANCY KADA,2.7INCH,464-10,SILVER,SILVER,0,1
2746L1,2746,MEENA MEKHALA,DEFAULT,323-10,SILVER,SILVER,0,20
2747L1,2747,FANCY BRACELATE,8INCH,1015-10,SILVER,SILVER,0,20
2748L1,2748,HOLLOW BRACELATE,8INCH,312-10,SILVER,SILVER,0,12
2749L182,2749,ATTHA BRACELATE,9INCH,742-10,SILVER,SILVER,0,35
274L1,274,,DEFAULT,RL1-C(0.48)N(3.124)-14804A1,DIAMOND,18 Ct/85,0,1
2750L10,2750,FANCY BRACELATE,9INCH,1015-10,SILVER,SILVER,0,6
2751L1,2751,BACHHA BRACELATE,5.5INCH,1021-10,SILVER,SILVER,0,9
2752L1,2752,DOUBLE KADI BRACELATE,9INCH,1020-10,SILVER,SILVER,0,2
2753L1,2753,MEENA FERVA,DEFAULT,699-10,SILVER,SILVER,0,159
2754L1,2754,PLAIN KADA,2INCH,688-10,SILVER,SILVER,0,22
2755L1,2755,PLAIN KADA,2.2INCH,688-10,SILVER,SILVER,0,28
2756L1,2756,PLAIN KADA,2.4INCH,688-10,SILVER,SILVER,0,87
2757L1,2757,PLAIN KADA,2.6INCH,688-10,SILVER,SILVER,0,120
2758L118,2758,PLAIN KADA,2.8INCH,688-10,SILVER,SILVER,0,123
2759L1,2759,FANCY KADA,2.6INCH,464-10,SILVER,SILVER,0,21
275L1,275,,DEFAULT,RL1-C(0.27)N(3.436)-14821A1,DIAMOND,18 Ct/85,0,1
2760L1,2760,FANCY KADA,2.8INCH,464-10,SILVER,SILVER,0,29
2761L1,2761,FANCY KADA,2.10INCH,464-10,SILVER,SILVER,0,17
2762L1,2762,FANCY KADA,2.12INCH,464-10,SILVER,SILVER,0,17
2763L1,2763,FANCY KADA,2.14INCH,464-10,SILVER,SILVER,0,2
2764L1,2764,BACHHA BRACELATE,5INCH,1021-10,SILVER,SILVER,0,1
2765L1,2765,BADAM ANGUTHI,23NO,896-10,SILVER,SILVER,0,3
2767L1,2767,BROAD PLAIN PAYAL,10INCH,925-10,SILVER,SILVER,0,2
2768L1,2768,PLAIN FANCY PAYAL,10INCH,880-10,SILVER,SILVER,0,49
2769L2,2769,KHANDERAO,DEFAULT,1001-10,SILVER,SILVER,0,5
276L1,276,,DEFAULT,RG1-C(0.9)N(9.31)-14826A1,DIAMOND,18 Ct/85,0,1
2770L1,2770,STONE ANGUTHI,6NO,898-10,SILVER,SILVER,0,4
2771L1,2771,BANGLE PLAIN,2.4INCH,714-10,SILVER,SILVER,0,38
2772L1,2772,KANBAI,DEFAULT,999-10,SILVER,SILVER,0,8
2773L1,2773,SAKHAR CHAUTH,DEFAULT,1023-10,SILVER,SILVER,0,5
2774L1,2774,KELPUJYA MATA,DEFAULT,1022-10,SILVER,SILVER,0,3
2775L1,2775,AAI,DEFAULT,991-10,SILVER,SILVER,0,2
2776L1,2776,VEER,DEFAULT,997-10,SILVER,SILVER,0,2
2777L1,2777,RANBAI,DEFAULT,998-10,SILVER,SILVER,0,4
2778L1,2778,EKVIRADEVI,DEFAULT,1003-10,SILVER,SILVER,0,7
2779L1,2779,ANNAPURNA,DEFAULT,989-10,SILVER,SILVER,0,2
277L1,277,,DEFAULT,RG1-C(0.68)N(8.244)-14828A1,DIAMOND,18 Ct/85,0,1
2780L1,2780,BADAM ANGUTHI,13NO,896-10,SILVER,SILVER,0,11
2781L13,2781,BADAM ANGUTHI,20NO,896-10,SILVER,SILVER,0,38
2782L1,2782,BADAM ANGUTHI,12NO,896-10,SILVER,SILVER,0,12
2783L1,2783,CHOKON ANGUTHI,16NO,897-10,SILVER,SILVER,0,20
2784L1,2784,CHOKON ANGUTHI,13NO,897-10,SILVER,SILVER,0,8
2785L180,2785,CHOKON ANGUTHI,12NO,897-10,SILVER,SILVER,0,3
2786L1,2786,CHOKON ANGUTHI,19NO,897-10,SILVER,SILVER,0,13
2787L1,2787,BADAM ANGUTHI,16NO,896-10,SILVER,SILVER,0,39
2788L1,2788,CHOKON ANGUTHI,20NO,897-10,SILVER,SILVER,0,32
2789L14,2789,CHOKON ANGUTHI,14NO,897-10,SILVER,SILVER,0,41
278L1,278,,DEFAULT,RG1-C(0.96)N(8.368)-14831A1,DIAMOND,18 Ct/85,0,1
2790L1,2790,BADAM ANGUTHI,14NO,896-10,SILVER,SILVER,0,27
2791L1,2791,BADAM ANGUTHI,11NO,896-10,SILVER,SILVER,0,2
2792L1,2792,BADAM ANGUTHI,18NO,896-10,SILVER,SILVER,0,45
2793L1,2793,CHOKON ANGUTHI,15NO,897-10,SILVER,SILVER,0,39
2794L1,2794,BADAM ANGUTHI,17NO,896-10,SILVER,SILVER,0,54
2795L1,2795,CHOKON ANGUTHI,18NO,897-10,SILVER,SILVER,0,23
2796L1,2796,BADAM ANGUTHI,15NO,896-10,SILVER,SILVER,0,58
2797L1,2797,THALI PLAIN,10INCH,383-10,SILVER,SILVER,0,5
2798L1,2798,THALI PLAIN,12INCH,383-10,SILVER,SILVER,0,20
2799L5,2799,THALI PLAIN,14INCH,383-10,SILVER,SILVER,0,1
279L1,279,,DEFAULT,RG1-C(0.97)N(9.306)-14836A1,DIAMOND,18 Ct/85,0,1
27L1,27,PATLI KANAS 2,DEFAULT,63-5,GOLD,22 Ct,0,13
27L21,27,PATLI KANAS 2,2.6INCH,63-5,GOLD,22 Ct,0,3
27L9,27,PATLI KANAS 2,2.5INCH,63-5,GOLD,22 Ct,0,1
2800L29,2800,THALI PLAIN,11INCH,383-10,SILVER,SILVER,0,4
2801L1,2801,GLASS,2.5INCH,350-10,SILVER,SILVER,0,9
2802L1,2802,GLASS,3INCH,350-10,SILVER,SILVER,0,43
2803L1,2803,GLASS,2INCH,350-10,SILVER,SILVER,0,27
2804L1,2804,GLASS,4.5INCH,350-10,SILVER,SILVER,0,2
2805L178,2805,GLASS,5INCH,350-10,SILVER,SILVER,0,4
2806L1,2806,GLASS,3.5INCH,350-10,SILVER,SILVER,0,22
2807L1,2807,GLASS,4INCH,350-10,SILVER,SILVER,0,68
2808L1,2808,GLASS,6INCH,350-10,SILVER,SILVER,0,6
2809L1,2809,LOTA,3INCH,359-10,SILVER,SILVER,0,3
280L1,280,,DEFAULT,RG1-C(0.84)N(6.512)-14838A1,DIAMOND,18 Ct/85,0,1
2810L16,2810,LOTA,3.5INCH,359-10,SILVER,SILVER,0,5
2811L1,2811,LOTA,4INCH,359-10,SILVER,SILVER,0,6
2812L1,2812,LOTA,4.5INCH,359-10,SILVER,SILVER,0,1
2813L3,2813,KALASH,3INCH,354-10,SILVER,SILVER,0,3
2814L1,2814,KALASH,4INCH,354-10,SILVER,SILVER,0,1
2815L9,2815,KALASH,4.5INCH,354-10,SILVER,SILVER,0,1
2816L1,2816,VAATI,2INCH,385-10,SILVER,SILVER,0,80
2817L1,2817,VAATI,3INCH,385-10,SILVER,SILVER,0,39
2818L1,2818,VAATI,2.5INCH,385-10,SILVER,SILVER,0,29
2819L44,2819,VAATI,3.5INCH,385-10,SILVER,SILVER,0,12
281L1,281,,DEFAULT,RG1-C(0.4)N(4.88)-14850A1,DIAMOND,18 Ct/85,0,1
2820L1,2820,VAATI,4INCH,385-10,SILVER,SILVER,0,1
2821L1,2821,VAATI,4.5INCH,385-10,SILVER,SILVER,0,1
2822L1,2822,FULPATRA,2INCH,349-10,SILVER,SILVER,0,8
2823L1,2823,FULPATRA,2.5INCH,349-10,SILVER,SILVER,0,5
2825L1,2825,GHILODI,2.5INCH,388-10,SILVER,SILVER,0,3
2826L1,2826,GHILODI,3INCH,388-10,SILVER,SILVER,0,4
2827L1,2827,BACHHA BRACELATE,6INCH,1021-10,SILVER,SILVER,0,4
2828L18,2828,BACHHA BRACELATE,6.5INCH,1021-10,SILVER,SILVER,0,2
2829L1,2829,TAMHAN,8INCH,380-10,SILVER,SILVER,0,5
282L1,282,,DEFAULT,NS-C(2.94)N(10.492)-14863A1,DIAMOND,18 Ct/85,0,1
2830L4,2830,TAMHAN,9INCH,380-10,SILVER,SILVER,0,1
2832L1,2832,TAMHAN,7INCH,380-10,SILVER,SILVER,0,5
2833L11,2833,TAMHAN,6INCH,380-10,SILVER,SILVER,0,2
2834L1,2834,,DEFAULT,RL1-C(0.450)N(6.380)-1,DIAMOND,18 Ct/85,0,1
2835L1,2835,,DEFAULT,ER-C(0.240)N(3.212)-2,DIAMOND,18 Ct/85,0,1
2836L1,2836,,DEFAULT,ER-C(0.210)N(2.668)-3,DIAMOND,18 Ct/85,0,1
2837L1,2837,,DEFAULT,ER-C(0.370)N(3.956)-4,DIAMOND,18 Ct/85,0,1
2838L1,2838,PLATE,4INCH,368-10,SILVER,SILVER,0,9
2839L1,2839,PLATE,4.5INCH,368-10,SILVER,SILVER,0,12
283L1,283,,DEFAULT,NE-C(0.74)N(3.952)-14864A1,DIAMOND,18 Ct/85,0,1
2840L10,2840,PLATE,6INCH,368-10,SILVER,SILVER,0,12
2841L11,2841,PLATE,7INCH,368-10,SILVER,SILVER,0,4
2842L1,2842,GOKARN,DEFAULT,1026-10,SILVER,SILVER,0,20
2843L1,2843,PALII,4INCH,1025-10,SILVER,SILVER,0,9
2844L1,2844,PALII,4.5INCH,1025-10,SILVER,SILVER,0,10
2845L1,2845,PALII,5INCH,1025-10,SILVER,SILVER,0,6
2846L26,2846,PALII,6.5INCH,1025-10,SILVER,SILVER,0,2
2847L12,2847,RASSI CHAIN,24INCH,526-10,SILVER,SILVER,0,22
2848L1,2848,SPOON,4INCH,376-10,SILVER,SILVER,0,50
2849L1,2849,SPOON,3INCH,376-10,SILVER,SILVER,0,43
284L1,284,,DEFAULT,NS-C(13.55)N(12.35)-14870A1,DIAMOND,18 Ct/85,0,1
2850L100,2850,SPOON,5INCH,376-10,SILVER,SILVER,0,32
2851L1,2851,SPOON,6INCH,376-10,SILVER,SILVER,0,10
2852L1,2852,RATH,DEFAULT,372-10,SILVER,SILVER,0,5
2853L1,2853,PANDAN,DEFAULT,367-10,SILVER,SILVER,0,4
2854L1,2854,PLATE,5INCH,368-10,SILVER,SILVER,0,1
2855L100,2855,RASSI CHAIN,20INCH,526-10,SILVER,SILVER,0,44
2856L1,2856,BUNCH CHAIN POTE,32INCH,765-5,GOLD,22 Ct,0,4
2857L115,2857,PLAIN FANCY PAYAL,12INCH,880-10,SILVER,SILVER,0,15
2858L1,2858,PLAIN FANCY PAYAL,11INCH,880-10,SILVER,SILVER,0,5
2859L234,2859,PLAIN KADA,2.5INCH,688-10,SILVER,SILVER,0,10
285L1,285,,DEFAULT,NS-C(2.27)N(19.446)-14874A1,DIAMOND,18 Ct/85,0,1
2860L1,2860,PAYAL SADI,9INCH,474-10,SILVER,SILVER,0,6
2862L1,2862,POTE TARAMANDAL,24INCH,828-5,GOLD,22 Ct,0,2
2863L1,2863,,DEFAULT,RG1-C(0.420)N(5.946)-1,DIAMOND,18 Ct/85,0,1
2864L1,2864,,DEFAULT,NP-C(0.150)N(0.230)-2,DIAMOND,18 Ct/85,0,1
2865L1,2865,,DEFAULT,NP-C(0.110)N(0.228)-3,DIAMOND,18 Ct/85,0,1
2866L1,2866,,DEFAULT,NP-C(0.100)N(0.200)-4,DIAMOND,18 Ct/85,0,1
2867L106,2867,RASSI CHAIN,18INCH,526-10,SILVER,SILVER,0,11
2868L100,2868,PLAIN KADA,2.14INCH,688-10,SILVER,SILVER,0,22
2869L1,2869,PLAIN 4 FERVA,DEFAULT,318-10,SILVER,SILVER,0,155
286L1,286,,DEFAULT,NE-C(2.02)N(2.796)-14888A1,DIAMOND,18 Ct/85,0,1
2870L1,2870,BHAIROBA,DEFAULT,1002-10,SILVER,SILVER,0,1
2871L437,2871,BADAM ANGUTHI,10NO,896-10,SILVER,SILVER,0,13
2872L1,2872,BOX CHAIN,16INCH,530-10,SILVER,SILVER,0,24
2873L212,2873,TENDULKAR CHAIN,18INCH,528-10,SILVER,SILVER,0,14
2874L145,2874,TENDULKAR CHAIN,24INCH,528-10,SILVER,SILVER,0,39
2875L1,2875,MEENA BACHHA KANDORA,DEFAULT,1018-10,SILVER,SILVER,0,45
2876L1,2876,ATTHA BRACELATE,6INCH,742-10,SILVER,SILVER,0,19
2878L1,2878,THALI PLAIN,9INCH,383-10,SILVER,SILVER,0,4
2879L1,2879,VAATI,DEFAULT,385-10,SILVER,SILVER,0,23
287L1,287,,DEFAULT,NE-C(0.74)N(8.342)-14892A1,DIAMOND,18 Ct/85,0,1
2880L1,2880,FANCY PAYAL BACCHA,6INCH,902-10,SILVER,SILVER,0,17
2881L1,2881,VADIL,DEFAULT,992-10,SILVER,SILVER,0,1
2882L1,2882,INDO-ITALIAN,DEFAULT,797-5,GOLD,22 Ct,0,1
2883L1,2883,STONE ANGUTHI,5NO,898-10,SILVER,SILVER,0,1
2884L175,2884,MOTI PLAIN ANGUTHI,13NO,893-10,SILVER,SILVER,0,15
2885L1,2885,MOTI PLAIN ANGUTHI,16NO,893-10,SILVER,SILVER,0,6
2886L1,2886,MOTI PLAIN ANGUTHI,17NO,893-10,SILVER,SILVER,0,6
2887L1,2887,MOTI PLAIN ANGUTHI,12NO,893-10,SILVER,SILVER,0,33
2888L1,2888,MOTI PLAIN ANGUTHI,18NO,893-10,SILVER,SILVER,0,12
2889L1,2889,MOTI PLAIN ANGUTHI,19NO,893-10,SILVER,SILVER,0,1
288L1,288,,DEFAULT,NE-C(0.59)N(3.662)-14896A1,DIAMOND,18 Ct/85,0,1
2890L1,2890,STONEWALI PAYAL,12INCH,877-10,SILVER,SILVER,0,2
2891L215,2891,STONEWALI PAYAL,11INCH,877-10,SILVER,SILVER,0,4
2892L1,2892,SAPTSHRUNGIDEVI,DEFAULT,1006-10,SILVER,SILVER,0,1
2893L1,2893,RING G SOLITAIRE,23NO,1031-10,SILVER,SILVER,1,2
2894L3,2894,RING L SOLITAIRE,18NO,1036-10,SILVER,SILVER,1,2
2895L1,2895,RING L SOLITAIRE,10NO,1036-10,SILVER,SILVER,1,8
2896L1,2896,RING L SOLITAIRE,20NO,1036-10,SILVER,SILVER,1,2
2897L10,2897,RING L SOLITAIRE,16NO,1036-10,SILVER,SILVER,1,5
2898L1,2898,RING L SOLITAIRE,15NO,1036-10,SILVER,SILVER,1,5
2899L22,2899,RING L SOLITAIRE,12NO,1036-10,SILVER,SILVER,1,8
289L1,289,,DEFAULT,NE-C(0.43)N(4.1)-14898A1,DIAMOND,18 Ct/85,0,1
28L1,28,FANCY TODA  2,DEFAULT,58-5,GOLD,22 Ct,0,9
28L10,28,FANCY TODA  2,2.6INCH,58-5,GOLD,22 Ct,0,8
28L7,28,FANCY TODA  2,2.7INCH,58-5,GOLD,22 Ct,0,1
2900L1,2900,RING L SOLITAIRE,9NO,1036-10,SILVER,SILVER,1,10
2901L1,2901,RING L SOLITAIRE,11NO,1036-10,SILVER,SILVER,1,10
2902L1,2902,RING L SOLITAIRE,14NO,1036-10,SILVER,SILVER,1,10
2903L1,2903,RING G DIAMOND,26NO,1032-10,SILVER,SILVER,1,1
2904L2,2904,RING G DIAMOND,17NO,1032-10,SILVER,SILVER,1,1
2905L1,2905,RING G DIAMOND,23NO,1032-10,SILVER,SILVER,1,4
2906L1,2906,RING G DIAMOND,21NO,1032-10,SILVER,SILVER,1,10
2909L1,2909,RING G SOLITAIRE,22NO,1031-10,SILVER,SILVER,1,1
290L1,290,,DEFAULT,NS-C(6.73)N(17.164)-14903A1,DIAMOND,18 Ct/85,0,1
2910L1,2910,RING G SOLITAIRE,20NO,1031-10,SILVER,SILVER,1,5
2911L1,2911,RING G ANTIQ,18NO,1046-10,SILVER,SILVER,1,1
2912L1,2912,RING G CASTING,21NO,1035-10,SILVER,SILVER,1,2
2913L2,2913,RING L THUMB,25NO,1038-10,SILVER,SILVER,1,3
2914L1,2914,RING L THUMB,16NO,1038-10,SILVER,SILVER,1,2
2915L10,2915,RING L THUMB,20NO,1038-10,SILVER,SILVER,1,8
2916L1,2916,RING L THUMB,19NO,1038-10,SILVER,SILVER,1,3
2917L1,2917,RING L THUMB,22NO,1038-10,SILVER,SILVER,1,6
2918L1,2918,RING L THUMB,21NO,1038-10,SILVER,SILVER,1,3
2919L27,2919,RING L THUMB,18NO,1038-10,SILVER,SILVER,1,1
291L1,291,,DEFAULT,NE-C(3.88)N(8.294)-14904A1,DIAMOND,18 Ct/85,0,1
2920L1,2920,RING L THUMB,15NO,1038-10,SILVER,SILVER,1,2
2921L1,2921,RING L THUMB,12NO,1038-10,SILVER,SILVER,1,1
2922L1,2922,RING L CASTING,14NO,1041-10,SILVER,SILVER,1,7
2923L1,2923,JOGESHWARI,DEFAULT,993-10,SILVER,SILVER,0,1
2924L1,2924,RING L CASTING,17NO,1041-10,SILVER,SILVER,1,2
2925L15,2925,RING L CASTING,9NO,1041-10,SILVER,SILVER,1,8
2926L1,2926,RING L CASTING,12NO,1041-10,SILVER,SILVER,1,17
2928L1,2928,RING L CASTING,11NO,1041-10,SILVER,SILVER,1,2
2929L1,2929,RING L CASTING,15NO,1041-10,SILVER,SILVER,1,2
292L1,292,,DEFAULT,NS-C(1.28)N(10.644)-14907A1,DIAMOND,18 Ct/85,0,1
2930L1,2930,RING L DIAMOND,DEFAULT,1040-10,SILVER,SILVER,1,3
2931L1,2931,RING L DIAMOND,12NO,1040-10,SILVER,SILVER,1,34
2932L154,2932,RING L DIAMOND,14NO,1040-10,SILVER,SILVER,1,23
2933L1,2933,RING L DIAMOND,6NO,1040-10,SILVER,SILVER,1,8
2934L1,2934,RING L DIAMOND,22NO,1040-10,SILVER,SILVER,1,2
2935L1,2935,RING L DIAMOND,13NO,1040-10,SILVER,SILVER,1,5
2936L79,2936,RING L DIAMOND,16NO,1040-10,SILVER,SILVER,1,2
2937L1,2937,RING L DIAMOND,17NO,1040-10,SILVER,SILVER,1,9
2938L1,2938,RING L DIAMOND,10NO,1040-10,SILVER,SILVER,1,14
2939L1,2939,RING L DIAMOND,8NO,1040-10,SILVER,SILVER,1,5
293L1,293,,DEFAULT,NE-C(0.41)N(3.618)-14908A1,DIAMOND,18 Ct/85,0,1
2940L1,2940,RING L DIAMOND,11NO,1040-10,SILVER,SILVER,1,58
2941L1,2941,RING L DIAMOND,9NO,1040-10,SILVER,SILVER,1,17
2942L1,2942,RING L DIAMOND,15NO,1040-10,SILVER,SILVER,1,14
2943L1,2943,CHAIN ITALIAN,18INCH,1029-10,SILVER,SILVER,1,14
2944L1,2944,CHAIN ROSEGOLD,18INCH,1030-10,SILVER,SILVER,1,14
2945L1,2945,POTE 92.50,22INCH,1068-10,SILVER,SILVER,1,3
2946L1,2946,PAYAL 92.50,10.5INCH,1067-10,SILVER,SILVER,1,9
2947L1,2947,BRACELATE L DIAMOND,8INCH,1062-10,SILVER,SILVER,1,30
2948L1,2948,KADA ANTIQ,DEFAULT,1053-10,SILVER,SILVER,1,10
2949L1,2949,KADA FLEXIBLE,DEFAULT,1051-10,SILVER,SILVER,1,4
294L1,294,,DEFAULT,NS-C(1.28)N(10.734)-14911A1,DIAMOND,18 Ct/85,0,1
2950L5,2950,KADA ANTIQ,2.6INCH,1053-10,SILVER,SILVER,1,1
2951L1,2951,BANGLES 92.50,2.4INCH,1027-10,SILVER,SILVER,1,1
2953L1,2953,BANGLES 92.50,2.6INCH,1027-10,SILVER,SILVER,1,2
2954L1,2954,BIJASANI,DEFAULT,994-10,SILVER,SILVER,0,2
2955L1,2955,PENDANT ALPHABET,DEFAULT,1044-10,SILVER,SILVER,1,3
2956L10,2956,PENDANT DIAMOND,DEFAULT,1043-10,SILVER,SILVER,1,24
2957L1,2957,TOPS DIAMOND,DEFAULT,1048-10,SILVER,SILVER,1,86
2958L1,2958,TOPS CASTING,DEFAULT,1049-10,SILVER,SILVER,1,77
2959L1,2959,PENDANT GOD,DEFAULT,1042-10,SILVER,SILVER,1,32
295L1,295,,DEFAULT,NE-C(0.59)N(4.092)-14912A1,DIAMOND,18 Ct/85,0,1
2960L1,2960,PENDANT ANTIQ,DEFAULT,1045-10,SILVER,SILVER,1,35
2961L1,2961,P SET ROSEGOLD,DEFAULT,1055-10,SILVER,SILVER,1,19
2962L1,2962,P SET DIAMOND,DEFAULT,1056-10,SILVER,SILVER,1,11
2963L1,2963,RING G DIAMOND,22NO,1032-10,SILVER,SILVER,1,5
2964L1,2964,RING G CASTING,25NO,1035-10,SILVER,SILVER,1,1
2965L1,2965,RING G CASTING,20NO,1035-10,SILVER,SILVER,1,1
2966L1,2966,,DEFAULT,NP-C(0.140)N(0.232)-1,DIAMOND,18 Ct/85,0,1
2967L1,2967,,DEFAULT,NP-C(0.180)N(0.234)-2,DIAMOND,18 Ct/85,0,1
2968L1,2968,,DEFAULT,NP-C(0.070)N(0.176)-3,DIAMOND,18 Ct/85,0,1
2969L1,2969,,DEFAULT,NP-C(0.080)N(0.204)-4,DIAMOND,18 Ct/85,0,1
296L1,296,,DEFAULT,NS-C(2.67)N(13.706)-14914A1,DIAMOND,18 Ct/85,0,1
2970L1,2970,,DEFAULT,NP-C(0.080)N(0.204)-5,DIAMOND,18 Ct/85,0,1
2971L1,2971,,DEFAULT,NP-C(0.080)N(0.194)-6,DIAMOND,18 Ct/85,0,1
2972L1,2972,,DEFAULT,NP-C(0.090)N(0.222)-7,DIAMOND,18 Ct/85,0,1
2973L1,2973,,DEFAULT,NP-C(0.100)N(0.240)-8,DIAMOND,18 Ct/85,0,1
2974L1,2974,,DEFAULT,NP-C(0.100)N(0.230)-9,DIAMOND,18 Ct/85,0,1
2975L1,2975,,DEFAULT,NP-C(0.160)N(0.248)-10,DIAMOND,18 Ct/85,0,1
2976L1,2976,,DEFAULT,NP-C(0.170)N(0.266)-11,DIAMOND,18 Ct/85,0,1
2977L1,2977,CHAIN ITALIAN,16INCH,1029-10,SILVER,SILVER,1,6
2978L1,2978,RING G SOLITAIRE,15NO,1031-10,SILVER,SILVER,1,2
2979L1,2979,RING G SOLITAIRE,17NO,1031-10,SILVER,SILVER,1,1
297L1,297,,DEFAULT,NS-C(1.74)N(9.042)-14915A1,DIAMOND,18 Ct/85,0,1
2980L1,2980,,DEFAULT,RG1-C(0.190)N(5.732)-1,DIAMOND,18 Ct/85,0,1
2981L1,2981,,DEFAULT,RL1-C(0.230)N(2.074)-2,DIAMOND,18 Ct/85,0,1
2982L1,2982,,DEFAULT,TM-C(0.760)N(4.148)-3,DIAMOND,18 Ct/85,0,1
2983L170,2983,CHOKON ANGUTHI,10NO,897-10,SILVER,SILVER,0,7
2984L1,2984,RASSI CHAIN,16INCH,526-10,SILVER,SILVER,0,8
2985L1,2985,FANCY KADA,2.16INCH,464-10,SILVER,SILVER,0,3
2986L498,2986,FANCY KADA,2.4INCH,464-10,SILVER,SILVER,0,17
2987L1,2987,,DEFAULT,TM-C(0.000)N(1.508)-1,DIAMOND,18 Ct/85,0,1
2988L1,2988,PLATE,8INCH,368-10,SILVER,SILVER,0,3
2989L105,2989,BANGLE PLAIN,2.6INCH,714-10,SILVER,SILVER,0,50
298L1,298,,DEFAULT,NS-C(2.71)N(20.558)-14916A1,DIAMOND,18 Ct/85,0,1
2990L3,2990,BRACELATE L ROSEGOLD,8INCH,1060-10,SILVER,SILVER,1,3
2991L1,2991,BRACELATE L ANTIQ,8INCH,1061-10,SILVER,SILVER,1,3
2992L1,2992,STONE ANGUTHI,22NO,898-10,SILVER,SILVER,0,24
2993L1,2993,FANCY PAYAL BACCHA,7INCH,902-10,SILVER,SILVER,0,15
2994L1,2994,TOPS ROSEGOLD,DEFAULT,1050-10,SILVER,SILVER,1,47
2995L1,2995,,DEFAULT,RG1-C(6.270)N(7.166)-1,DIAMOND,18 Ct/85,0,1
2996L1,2996,COUPLE BAND PLAIN,20NO,900-10,SILVER,SILVER,0,48
2997L1,2997,BANGLE FANCY 2,2.8INCH,51-5,GOLD,22 Ct,0,1
2999L2,2999,AKDA PLAIN,DEFAULT,306-10,SILVER,SILVER,0,5
299L1,299,,DEFAULT,NS-C(5.6)N(29.34)-14920A1,DIAMOND,18 Ct/85,0,1
29L1,29,DORLA L,DEFAULT,709-5,GOLD,22 Ct,0,715
2L2,2,BANGLE FANCY 4,2.2INCH,48-5,GOLD,22 Ct,0,3
3000L1,3000,MOTI PLAIN ANGUTHI,5NO,893-10,SILVER,SILVER,0,2
3001L1,3001,,DEFAULT,RG1-C(6.270)N(7.606)-1,DIAMOND,18 Ct/85,0,1
3002L1,3002,GEHU TODA 2,2.6INCH,785-5,GOLD,22 Ct,0,2
3003L1,3003,PATLI MACHINE 1,2.6INCH,778-5,GOLD,22 Ct,0,1
3004L1,3004,FANCY BRACELATE,7INCH,1015-10,SILVER,SILVER,0,40
3005L10,3005,POTE 92.50,24INCH,1068-10,SILVER,SILVER,1,3
3006L16,3006,BANGLE MEENA,2.6INCH,1013-10,SILVER,SILVER,0,3
3007L1,3007,BANGLE MEENA,2.4INCH,1013-10,SILVER,SILVER,0,7
3008L1,3008,BANGLE PLAIN,2.8INCH,714-10,SILVER,SILVER,0,19
3009L1,3009,PLAIN KADA,2.16INCH,688-10,SILVER,SILVER,0,4
300L1,300,,DEFAULT,NS-C(4.48)N(20.374)-14921A1,DIAMOND,18 Ct/85,0,1
3010L130,3010,PLAIN KADA,2.12INCH,688-10,SILVER,SILVER,0,16
3011L1,3011,RAKHI,DEFAULT,548-5,GOLD,22 Ct,0,8
3012L1,3012,COUPLE BAND PLAIN,25NO,900-10,SILVER,SILVER,0,4
3013L10,3013,COUPLE BAND PLAIN,17NO,900-10,SILVER,SILVER,0,8
3014L1,3014,,DEFAULT,RG1-C(1.000)N(9.180)-1,DIAMOND,18 Ct/85,0,1
3015L1,3015,SARDAR KADA,2.8INCH,67-5,GOLD,22 Ct,0,1
3017L1,3017,CHAIN ROSEGOLD,DEFAULT,1030-10,SILVER,SILVER,1,33
3018L1,3018,BRACELATE L ROSEGOLD,DEFAULT,1060-10,SILVER,SILVER,1,11
3019L1,3019,BRACELATE L DIAMOND,DEFAULT,1062-10,SILVER,SILVER,1,7
301L1,301,,DEFAULT,NE-C(0.75)N(4.28)-14930A1,DIAMOND,18 Ct/85,0,1
3020L12,3020,BRACELATE L ANTIQ,DEFAULT,1061-10,SILVER,SILVER,1,15
3021L1,3021,BRACELET PAYAL,11INCH,881-10,SILVER,SILVER,0,4
3022L1,3022,STONE ANGUTHI,28NO,898-10,SILVER,SILVER,0,2
3023L1,3023,COUPLE BAND PLAIN,15NO,900-10,SILVER,SILVER,0,26
3024L1,3024,RING L DIAMOND,5NO,1040-10,SILVER,SILVER,1,8
3025L1,3025,RING L ROSEGOLD,7NO,1037-10,SILVER,SILVER,1,1
3026L1,3026,RING L ANTIQ,10NO,1047-10,SILVER,SILVER,1,9
3027L1,3027,RING L ROSEGOLD,11NO,1037-10,SILVER,SILVER,1,17
3028L1,3028,JAANVA,DEFAULT,948-10,SILVER,SILVER,0,8
3029L1,3029,,DEFAULT,RG1-C(0.000)N(5.166)-1,DIAMOND,18 Ct/85,0,1
302L1,302,,DEFAULT,NE-C(0.87)N(4.736)-14931A1,DIAMOND,18 Ct/85,0,1
3030L1,3030,,DEFAULT,NP-C(0.050)N(0.220)-2,DIAMOND,18 Ct/85,0,1
3031L1,3031,,DEFAULT,NP-C(0.050)N(0.270)-3,DIAMOND,18 Ct/85,0,1
3032L1,3032,BANGLE PLAIN,2INCH,714-10,SILVER,SILVER,0,2
3033L1,3033,BADAM ANGUTHI,26NO,896-10,SILVER,SILVER,0,2
3034L1,3034,SHIVAJI ANGUTHI,18NO,885-10,SILVER,SILVER,0,1
3035L1,3035,,DEFAULT,ER-C(0.400)N(4.010)-1,DIAMOND,18 Ct/85,0,1
3036L243,3036,BADAM ANGUTHI,22NO,896-10,SILVER,SILVER,0,6
3037L1,3037,LONG BRACLET POTE,32INCH,756-5,GOLD,22 Ct,0,1
3038L1,3038,THALI PLAIN,DEFAULT,383-10,SILVER,SILVER,0,1
3039L1,3039,CASTING CHAIN PADAK,DEFAULT,811-2,GOLD,18 Ct,0,1
303L1,303,,DEFAULT,NE-C(0.94)N(9.272)-14932A1,DIAMOND,18 Ct/85,0,1
3040L1,3040,BANGLE MACHINE 1,2.7INCH,774-5,GOLD,22 Ct,0,1
3041L1,3041,FANCY KADA,2INCH,464-10,SILVER,SILVER,0,6
3042L1,3042,,DEFAULT,RG1-C(0.190)N(4.642)-1,DIAMOND,18 Ct/85,0,1
3043L1,3043,,DEFAULT,RG1-C(0.190)N(4.012)-2,DIAMOND,18 Ct/85,0,1
3045L1,3045,CUBAN BRACELATE,8INCH,455-10,SILVER,SILVER,0,32
3047L1,3047,,DEFAULT,RG1-C(0.400)N(4.950)-5,DIAMOND,18 Ct/85,0,1
3048L1,3048,,DEFAULT,RG1-C(0.140)N(4.132)-6,DIAMOND,18 Ct/85,0,1
3049L1,3049,,DEFAULT,RG1-C(0.110)N(4.758)-7,DIAMOND,18 Ct/85,0,1
304L1,304,,DEFAULT,NE-C(1.73)N(9.494)-14936A1,DIAMOND,18 Ct/85,0,1
3050L1,3050,,DEFAULT,RG1-C(0.050)N(4.720)-8,DIAMOND,18 Ct/85,0,1
3051L1,3051,,DEFAULT,RG1-C(0.450)N(5.560)-9,DIAMOND,18 Ct/85,0,1
3052L1,3052,,DEFAULT,RG1-C(0.170)N(4.306)-10,DIAMOND,18 Ct/85,0,1
3053L1,3053,,DEFAULT,RG1-C(0.260)N(4.818)-11,DIAMOND,18 Ct/85,0,1
3054L1,3054,,DEFAULT,ER-C(0.270)N(3.486)-12,DIAMOND,18 Ct/85,0,1
3055L1,3055,,DEFAULT,ER-C(0.320)N(4.626)-13,DIAMOND,18 Ct/85,0,1
3056L1,3056,,DEFAULT,ER-C(0.650)N(3.070)-14,DIAMOND,18 Ct/85,0,1
3057L1,3057,,DEFAULT,ER-C(0.180)N(4.074)-15,DIAMOND,18 Ct/85,0,1
3058L1,3058,,DEFAULT,ER-C(0.290)N(4.572)-16,DIAMOND,18 Ct/85,0,1
3059L1,3059,,DEFAULT,ER-C(0.250)N(3.930)-17,DIAMOND,18 Ct/85,0,1
305L1,305,,DEFAULT,NE-C(1.47)N(8.946)-14937A1,DIAMOND,18 Ct/85,0,1
3060L1,3060,,DEFAULT,ER-C(0.320)N(4.686)-18,DIAMOND,18 Ct/85,0,1
3061L1,3061,,DEFAULT,ER-C(0.250)N(3.700)-19,DIAMOND,18 Ct/85,0,1
3062L1,3062,,DEFAULT,ER-C(0.220)N(3.946)-20,DIAMOND,18 Ct/85,0,1
3063L1,3063,BOX CHAIN,18INCH,530-10,SILVER,SILVER,0,12
3064L1,3064,RASSI CHAIN,22INCH,526-10,SILVER,SILVER,0,24
3065L1,3065,COUPLE BAND PLAIN,9NO,900-10,SILVER,SILVER,0,1
3066L1,3066,ANKLET PAYAL,9INCH,330-10,SILVER,SILVER,0,2
3067L60,3067,FANCY PAYAL BACCHA,5INCH,902-10,SILVER,SILVER,0,5
3068L1,3068,BRACELET PAYAL,9INCH,881-10,SILVER,SILVER,0,1
3069L3,3069,FMG KANDORA,DEFAULT,1098-26,ONE GRAM,GOLDPLATED,1,2
306L1,306,,DEFAULT,NE-C(0.66)N(3.488)-14938A1,DIAMOND,18 Ct/85,0,1
3071L15,3071,FMG GENTS BRACELATE,9INCH,1115-26,ONE GRAM,GOLDPLATED,1,14
3074L5,3074,FMG CHAPALAHAR,DEFAULT,1095-26,ONE GRAM,GOLDPLATED,1,4
3075L4,3075,FMG PENDANT SET,DEFAULT,1102-26,ONE GRAM,GOLDPLATED,1,3
3076L10,3076,FMG MOHANMALA,DEFAULT,1101-26,ONE GRAM,GOLDPLATED,1,25
3077L10,3077,FMG STEP RANIHAR SET,DEFAULT,1105-26,ONE GRAM,GOLDPLATED,1,19
3078L29,3078,FMG LONG RANIHARSET,DEFAULT,1100-26,ONE GRAM,GOLDPLATED,1,58
3079L10,3079,FMG STONE HAR SET,DEFAULT,1106-26,ONE GRAM,GOLDPLATED,1,7
307L1,307,,DEFAULT,NS-C(1.92)N(8.816)-14944A1,DIAMOND,18 Ct/85,0,1
3080L10,3080,FMG TRADITIONAL HARSET,DEFAULT,1107-26,ONE GRAM,GOLDPLATED,1,9
3081L4,3081,FMG CHOKER HARSET,DEFAULT,1096-26,ONE GRAM,GOLDPLATED,1,3
3082L10,3082,FMG LONG PENDANT HARSET,DEFAULT,1099-26,ONE GRAM,GOLDPLATED,1,15
3083L10,3083,FMG SHORT RANIHAR SET,DEFAULT,1104-26,ONE GRAM,GOLDPLATED,1,12
3084L10,3084,FMG BOMBAY HARSET,DEFAULT,1094-26,ONE GRAM,GOLDPLATED,1,25
3085L10,3085,FMG PLAIN HARSET,DEFAULT,1103-26,ONE GRAM,GOLDPLATED,1,45
3086L22,3086,FMG FANCY HARSET,DEFAULT,1097-26,ONE GRAM,GOLDPLATED,1,58
3087L47,3087,FMG TURKEY SET,DEFAULT,1108-26,ONE GRAM,GOLDPLATED,1,53
3088L10,3088,FMG KANSAKHALI,DEFAULT,1111-26,ONE GRAM,GOLDPLATED,1,25
3089L10,3089,FMG SUIDHAGA,DEFAULT,1112-26,ONE GRAM,GOLDPLATED,1,8
308L1,308,,DEFAULT,NE-C(0.99)N(5.152)-14945A1,DIAMOND,18 Ct/85,0,1
3090L4,3090,FMG EARRINGS,DEFAULT,1109-26,ONE GRAM,GOLDPLATED,1,3
3091L11,3091,FMG FANCY TOPS,DEFAULT,1110-26,ONE GRAM,GOLDPLATED,1,20
3092L10,3092,FMG ZUMKA,DEFAULT,1113-26,ONE GRAM,GOLDPLATED,1,14
3093L1,3093,INDO-ITALIAN,16INCH,797-5,GOLD,22 Ct,0,4
3094L1,3094,KARDA FANCY,11NO,808-5,GOLD,22 Ct,0,9
3095L1,3095,KARDA FANCY,12NO,808-5,GOLD,22 Ct,0,12
3096L1,3096,KARDA FANCY,14NO,808-5,GOLD,22 Ct,0,6
3097L1,3097,KARDA FANCY,15NO,808-5,GOLD,22 Ct,0,5
3098L1,3098,KARDA FANCY,19NO,808-5,GOLD,22 Ct,0,7
3099L1,3099,KARDA FANCY,20NO,808-5,GOLD,22 Ct,0,15
309L1,309,,DEFAULT,NS-C(4.83)N(19.074)-14952A1,DIAMOND,18 Ct/85,0,1
30L1,30,ANGUTHI LADIES,8NO,131-5,GOLD,22 Ct,0,1
30L2,30,ANGUTHI LADIES,20NO,131-5,GOLD,22 Ct,0,3
3100L1,3100,,DEFAULT,TM-C(0.330)N(2.974)-1,DIAMOND,18 Ct/85,0,1
3101L1,3101,,DEFAULT,TM-C(0.270)N(2.766)-2,DIAMOND,18 Ct/85,0,1
3103L1,3103,,DEFAULT,TM-C(0.280)N(2.134)-4,DIAMOND,18 Ct/85,0,1
3104L1,3104,,DEFAULT,TM-C(0.200)N(2.820)-5,DIAMOND,18 Ct/85,0,1
3105L1,3105,,DEFAULT,ER-C(0.310)N(4.118)-6,DIAMOND,18 Ct/85,0,1
3106L1,3106,,DEFAULT,ER-C(0.200)N(1.920)-7,DIAMOND,18 Ct/85,0,1
3108L1,3108,,DEFAULT,RG1-C(0.620)N(7.516)-1,DIAMOND,18 Ct/85,0,1
3109L1,3109,,DEFAULT,RG1-C(0.670)N(5.386)-2,DIAMOND,18 Ct/85,0,1
310L1,310,,DEFAULT,NE-C(0.85)N(4.31)-14953A1,DIAMOND,18 Ct/85,0,1
3110L1,3110,,DEFAULT,RL1-C(0.200)N(1.790)-3,DIAMOND,18 Ct/85,0,1
3111L1,3111,,DEFAULT,TM-C(0.870)N(4.566)-4,DIAMOND,18 Ct/85,0,1
3112L1,3112,,DEFAULT,ER-C(0.810)N(4.358)-5,DIAMOND,18 Ct/85,0,1
3113L1,3113,,DEFAULT,ER-C(1.370)N(4.646)-1,DIAMOND,18 Ct/85,0,1
3114L1,3114,BANGLE MACHINE 4,2.7INCH,76-5,GOLD,22 Ct,0,1
3117L1,3117,DAITYAVARCHI,DEFAULT,990-10,SILVER,SILVER,0,3
3118L38,3118,FANCY TODA  2,2.5INCH,58-5,GOLD,22 Ct,0,1
3119L1,3119,,DEFAULT,TM-C(0.280)N(2.354)-1,DIAMOND,18 Ct/85,0,1
311L1,311,,DEFAULT,NS-C(2.9)N(13.08)-14956A1,DIAMOND,18 Ct/85,0,1
3121L1,3121,,DEFAULT,TM-C(0.270)N(4.356)-3,DIAMOND,18 Ct/85,0,1
3122L1,3122,,DEFAULT,TM-C(0.390)N(2.482)-4,DIAMOND,18 Ct/85,0,1
3123L1,3123,,DEFAULT,RL1-C(1.420)N(3.196)-1,DIAMOND,18 Ct/85,0,1
3124L1,3124,RAJMUDRA PLAIN ANGUTHI,16NO,886-10,SILVER,SILVER,0,4
3125L1,3125,KARDA FANCY,10NO,808-5,GOLD,22 Ct,0,9
3126L1,3126,KARDA FANCY,16NO,808-5,GOLD,22 Ct,0,7
3127L1,3127,KARDA FANCY,23NO,808-5,GOLD,22 Ct,0,7
3128L1,3128,LADIES FANCY ANGUTHI,7NO,755-5,GOLD,22 Ct,0,6
3129L1,3129,LADIES FANCY ANGUTHI,21NO,755-5,GOLD,22 Ct,0,1
312L1,312,,DEFAULT,NE-C(1.03)N(5.204)-14957A1,DIAMOND,18 Ct/85,0,1
3130L1,3130,JUG,DEFAULT,353-10,SILVER,SILVER,0,1
3131L1,3131,DURGAMATA,DEFAULT,908-10,SILVER,SILVER,0,2
3132L1,3132,GENTS FANCY ANGUTHI,17NO,754-5,GOLD,22 Ct,0,18
3133L11,3133,KALASH,3.5INCH,354-10,SILVER,SILVER,0,6
3135L1,3135,GENTS FANCY ANGUTHI,25NO,754-5,GOLD,22 Ct,0,14
3136L1,3136,GENTS CASTING ANGUTHI,28NO,142-5,GOLD,22 Ct,0,1
3137L1,3137,LADIES FANCY BRACELET,7INCH,791-5,GOLD,22 Ct,0,14
3138L1,3138,FMG BUNCH POTE,32INCH,1083-26,ONE GRAM,GOLDPLATED,1,15
3139L1,3139,FMG DESIGNER POTE,32INCH,1085-26,ONE GRAM,GOLDPLATED,1,77
313L1,313,,DEFAULT,FJ-C(203.65)N(0.01)-14967A1,DIAMOND,18 Ct/85,0,1
3140L1,3140,FMG NANO POTE,32INCH,1086-26,ONE GRAM,GOLDPLATED,1,1
3141L1,3141,FMG TUKDA POTE,32INCH,1092-26,ONE GRAM,GOLDPLATED,1,18
3142L1,3142,FMG PATTI POTE,32INCH,1087-26,ONE GRAM,GOLDPLATED,1,82
3143L1,3143,FMG SHORT PATTI POTE,20INCH,1090-26,ONE GRAM,GOLDPLATED,1,8
3144L1,3144,FMG SHORT FANCY POTE,20INCH,1089-26,ONE GRAM,GOLDPLATED,1,69
3145L1,3145,MACHINE CHAIN,14INCH,800-5,GOLD,22 Ct,0,7
3146L1,3146,FMG FANCY CHAIN,22INCH,1114-26,ONE GRAM,GOLDPLATED,1,34
3147L1,3147,FMG LADIES BRACELATE,8INCH,1116-26,ONE GRAM,GOLDPLATED,1,12
3148L1,3148,FMG DIAMOND KADA,2.4INCH,1072-26,ONE GRAM,GOLDPLATED,1,7
3149L1,3149,FMG CNC BANGLES,2.4INCH,1071-26,ONE GRAM,GOLDPLATED,1,3
314L1,314,,DEFAULT,CHAIN-C(0)N(4.32)-14978A1,DIAMOND,18 Ct/85,0,1
3150L1,3150,FMG CNC BANGLES,2.6INCH,1071-26,ONE GRAM,GOLDPLATED,1,28
3151L1,3151,FMG TODA BANGLES,2.4INCH,1082-26,ONE GRAM,GOLDPLATED,1,9
3152L1,3152,FMG PLAIN BANGLES,2.6INCH,1079-26,ONE GRAM,GOLDPLATED,1,7
3153L1,3153,FMG KOLKATA BANGLES,2.4INCH,1076-26,ONE GRAM,GOLDPLATED,1,20
3154L1,3154,FMG KOLKATA BANGLES,2.6INCH,1076-26,ONE GRAM,GOLDPLATED,1,46
3155L1,3155,FMG KOLKATA BANGLES,2.8INCH,1076-26,ONE GRAM,GOLDPLATED,1,21
3156L1,3156,FMG PLASTER BANGLES,2.6INCH,1081-26,ONE GRAM,GOLDPLATED,1,15
3157L1,3157,FMG PLASTER BANGLES,2.4INCH,1081-26,ONE GRAM,GOLDPLATED,1,5
3158L1,3158,FMG FANCY BANGLES,2.4INCH,1073-26,ONE GRAM,GOLDPLATED,1,10
3159L1,3159,FMG FANCY BANGLES,2.6INCH,1073-26,ONE GRAM,GOLDPLATED,1,10
315L1,315,,DEFAULT,CHAIN-C(0)N(6.77)-14980A1,DIAMOND,18 Ct/85,0,1
3160L1,3160,FMG FANCY BANGLES,2.8INCH,1073-26,ONE GRAM,GOLDPLATED,1,6
3161L1,3161,FMG PATLI BANGLES,2.6INCH,1078-26,ONE GRAM,GOLDPLATED,1,14
3162L1,3162,FMG PATLI BANGLES,2.4INCH,1078-26,ONE GRAM,GOLDPLATED,1,24
3163L1,3163,FMG HALFROUND BANGLES,2.6INCH,1074-26,ONE GRAM,GOLDPLATED,1,20
3164L1,3164,FMG MACHINE BANGLES,2.6INCH,1077-26,ONE GRAM,GOLDPLATED,1,11
3165L1,3165,FMG MACHINE BANGLES,2.4INCH,1077-26,ONE GRAM,GOLDPLATED,1,23
3166L1,3166,FMG KANAS BANGLES,2.6INCH,1075-26,ONE GRAM,GOLDPLATED,1,6
3167L1,3167,FMG KANAS BANGLES,2.4INCH,1075-26,ONE GRAM,GOLDPLATED,1,5
3168L1,3168,FMG BACHHA BANGLES,2.2INCH,1070-26,ONE GRAM,GOLDPLATED,1,6
3169L1,3169,CHOKON ANGUTHI,8NO,897-10,SILVER,SILVER,0,15
316L1,316,,DEFAULT,CHAIN-C(0)N(5.72)-14982A1,DIAMOND,18 Ct/85,0,1
3170L1,3170,CHOKON ANGUTHI,11NO,897-10,SILVER,SILVER,0,1
3171L2,3171,COIMBTUR,18INCH,1119-5,GOLD,22 Ct,0,4
3172L1,3172,COIMBTUR,20INCH,1119-5,GOLD,22 Ct,0,12
3173L1,3173,COIMBTUR,22INCH,1119-5,GOLD,22 Ct,0,9
3174L24,3174,COIMBTUR,24INCH,1119-5,GOLD,22 Ct,0,1
3175L1,3175,,DEFAULT,RG-C(0.200)N(5.420)-1,DIAMOND,18 Ct/85,0,1
3176L1,3176,,DEFAULT,NP-C(0.130)N(0.274)-1,DIAMOND,18 Ct/85,0,1
3177L1,3177,,DEFAULT,NP-C(0.120)N(0.276)-2,DIAMOND,18 Ct/85,0,1
3178L1,3178,,DEFAULT,NP-C(0.120)N(0.296)-3,DIAMOND,18 Ct/85,0,1
3179L1,3179,,DEFAULT,NP-C(0.110)N(0.218)-4,DIAMOND,18 Ct/85,0,1
317L1,317,,DEFAULT,CHAIN-C(0)N(5.33)-14983A1,DIAMOND,18 Ct/85,0,1
3180L1,3180,,DEFAULT,NP-C(0.100)N(0.280)-5,DIAMOND,18 Ct/85,0,1
3181L1,3181,,DEFAULT,NP-C(0.080)N(0.274)-6,DIAMOND,18 Ct/85,0,1
3182L1,3182,,DEFAULT,NP-C(0.080)N(0.264)-7,DIAMOND,18 Ct/85,0,1
3183L1,3183,,DEFAULT,NP-C(0.080)N(0.284)-8,DIAMOND,18 Ct/85,0,1
3184L1,3184,,DEFAULT,NP-C(0.070)N(0.276)-9,DIAMOND,18 Ct/85,0,1
3185L1,3185,,DEFAULT,NP-C(0.070)N(0.256)-10,DIAMOND,18 Ct/85,0,1
3186L1,3186,,DEFAULT,NP-C(0.070)N(0.246)-11,DIAMOND,18 Ct/85,0,1
3187L1,3187,,DEFAULT,NP-C(0.070)N(0.266)-12,DIAMOND,18 Ct/85,0,1
3188L1,3188,,DEFAULT,NP-C(0.070)N(0.266)-13,DIAMOND,18 Ct/85,0,1
3189L1,3189,,DEFAULT,NP-C(0.070)N(0.266)-14,DIAMOND,18 Ct/85,0,1
318L1,318,,DEFAULT,CHAIN-C(0)N(9.26)-14984A1,DIAMOND,18 Ct/85,0,1
3190L1,3190,,DEFAULT,NP-C(0.060)N(0.248)-15,DIAMOND,18 Ct/85,0,1
3191L1,3191,,DEFAULT,NP-C(0.060)N(0.258)-16,DIAMOND,18 Ct/85,0,1
3192L1,3192,,DEFAULT,NP-C(0.060)N(0.258)-17,DIAMOND,18 Ct/85,0,1
3193L1,3193,,DEFAULT,NP-C(0.060)N(0.258)-18,DIAMOND,18 Ct/85,0,1
3194L1,3194,,DEFAULT,NP-C(0.050)N(0.250)-19,DIAMOND,18 Ct/85,0,1
3195L1,3195,,DEFAULT,NP-C(0.050)N(0.250)-20,DIAMOND,18 Ct/85,0,1
3196L1,3196,,DEFAULT,NP-C(0.050)N(0.240)-21,DIAMOND,18 Ct/85,0,1
3197L1,3197,,DEFAULT,NP-C(0.050)N(0.240)-22,DIAMOND,18 Ct/85,0,1
3198L1,3198,,DEFAULT,NP-C(0.050)N(0.240)-23,DIAMOND,18 Ct/85,0,1
3199L1,3199,,DEFAULT,NP-C(0.050)N(0.250)-24,DIAMOND,18 Ct/85,0,1
319L1,319,,DEFAULT,CHAIN-C(0)N(4.24)-14988A1,DIAMOND,18 Ct/85,0,1
31L1,31,POTE HALF,DEFAULT,118-5,GOLD,22 Ct,0,785
3200L1,3200,,DEFAULT,NP-C(0.050)N(0.240)-25,DIAMOND,18 Ct/85,0,1
3201L1,3201,TULJABHAVANI,DEFAULT,995-10,SILVER,SILVER,0,6
3202L1,3202,TAMHAN,5INCH,380-10,SILVER,SILVER,0,2
3203L1,3203,NAWABI HOLO,30INCH,793-5,GOLD,22 Ct,0,1
3204L2,3204,BY BANGLE FANCY 4,2.6INCH,432-5,GOLD,22 Ct,0,2
3206L1,3206,BY2 FANCY KANGAN 2,2.5INCH,805-5,GOLD,22 Ct,0,1
3209L132,3209,PLAIN KADA,2.10INCH,688-10,SILVER,SILVER,0,28
320L1,320,,DEFAULT,CHAIN-C(0)N(2.29)-14991A1,DIAMOND,18 Ct/85,0,1
3210L1,3210,PLAIN KADA,2.7INCH,688-10,SILVER,SILVER,0,2
3211L177,3211,GENTS FANCY ANGUTHI,26NO,754-5,GOLD,22 Ct,0,11
3212L1,3212,COIMBTUR,16INCH,1119-5,GOLD,22 Ct,0,1
3213L1,3213,FANCY KANGAN 2,2.8INCH,243-5,GOLD,22 Ct,0,1
3214L1,3214,,DEFAULT,RL1-C(0.150)N(2.430)-1,DIAMOND,18 Ct/85,0,1
3215L1,3215,,DEFAULT,RL1-C(0.240)N(3.672)-2,DIAMOND,18 Ct/85,0,1
3219L1,3219,GLASS,DEFAULT,350-10,SILVER,SILVER,0,2
321L1,321,,DEFAULT,CHAIN-C(0)N(1.67)-14992A1,DIAMOND,18 Ct/85,0,1
3220L1,3220,BOX CHAIN,22INCH,530-10,SILVER,SILVER,0,12
3221L1,3221,BANGLE MEENA,2.8INCH,1013-10,SILVER,SILVER,0,5
3222L1,3222,BANGLE PLAIN,2.2INCH,714-10,SILVER,SILVER,0,12
3223L1,3223,KATYAR,DEFAULT,1132-10,SILVER,SILVER,0,1
3224L1,3224,SARDAR KADA,2.7INCH,67-5,GOLD,22 Ct,0,1
3225L1,3225,MAHALAKSHMI,DEFAULT,988-10,SILVER,SILVER,0,1
3226L1,3226,ATTHA BRACELATE,7INCH,742-10,SILVER,SILVER,0,22
3227L1,3227,,DEFAULT,RL1-C(0.280)N(4.494)-1,DIAMOND,18 Ct/85,0,1
3228L1,3228,,DEFAULT,RL1-C(0.170)N(2.246)-2,DIAMOND,18 Ct/85,0,1
3229L1,3229,,DEFAULT,NP-C(0.030)N(0.324)-3,DIAMOND,18 Ct/85,0,1
322L1,322,,DEFAULT,CHAIN-C(32.8)N(2.37)-14993A1,DIAMOND,18 Ct/85,0,1
3230L1,3230,,DEFAULT,NP-C(0.020)N(0.316)-4,DIAMOND,18 Ct/85,0,1
3231L1,3231,FANCY PAYAL BACCHA,5.5INCH,902-10,SILVER,SILVER,0,10
3234L1,3234,BRACELET GENTS HOLLOW,8INCH,43-19,GOLD,18 Ct,0,1
3235L1,3235,FMG TUKDA POTE,30INCH,1092-26,ONE GRAM,GOLDPLATED,1,8
3236L1,3236,FMG DESIGNER POTE,30INCH,1085-26,ONE GRAM,GOLDPLATED,1,68
3237L1,3237,FMG SHORT PATTI POTE,26INCH,1090-26,ONE GRAM,GOLDPLATED,1,10
3238L1,3238,FMG TURKISH POTE,30INCH,1134-26,ONE GRAM,GOLDPLATED,1,6
3239L1,3239,FMG BAJUBAND,DEFAULT,1135-26,ONE GRAM,GOLDPLATED,1,5
323L1,323,,DEFAULT,CHAIN-C(39.54)N(3.422)-14994A1,DIAMOND,18 Ct/85,0,1
3241L1,3241,,DEFAULT,RG1-C(0.000)N(6.996)-2,DIAMOND,18 Ct/85,0,1
3242L1,3242,,DEFAULT,RL1-C(0.000)N(2.414)-3,DIAMOND,18 Ct/85,0,1
3244L1,3244,,DEFAULT,RL1-C(0.000)N(3.438)-2,DIAMOND,18 Ct/85,0,1
3246L1,3246,,DEFAULT,ER-C(0.540)N(3.892)-4,DIAMOND,18 Ct/85,0,1
3247L1,3247,,DEFAULT,ER-C(0.180)N(3.584)-5,DIAMOND,18 Ct/85,0,1
3248L1,3248,,DEFAULT,ER-C(0.280)N(3.504)-6,DIAMOND,18 Ct/85,0,1
3249L1,3249,,DEFAULT,ER-C(0.320)N(3.106)-7,DIAMOND,18 Ct/85,0,1
324L1,324,,DEFAULT,CHAIN-C(0)N(2.25)-14996A1,DIAMOND,18 Ct/85,0,1
3250L1,3250,,DEFAULT,ER-C(0.340)N(4.302)-8,DIAMOND,18 Ct/85,0,1
3251L1,3251,,DEFAULT,ER-C(0.340)N(3.242)-9,DIAMOND,18 Ct/85,0,1
3252L1,3252,,DEFAULT,ER-C(0.320)N(3.846)-10,DIAMOND,18 Ct/85,0,1
3253L1,3253,,DEFAULT,ER-C(0.330)N(2.794)-11,DIAMOND,18 Ct/85,0,1
3254L1,3254,,DEFAULT,RG1-C(0.360)N(4.808)-12,DIAMOND,18 Ct/85,0,1
3255L1,3255,,DEFAULT,BG-C(5.040)N(42.772)-1,DIAMOND,18 Ct/85,0,1
3257L1,3257,,DEFAULT,RL1-C(0.150)N(1.720)-3,DIAMOND,18 Ct/85,0,1
3258L1,3258,,DEFAULT,RL1-C(0.190)N(1.792)-4,DIAMOND,18 Ct/85,0,1
3259L1,3259,,DEFAULT,ER-C(0.370)N(3.156)-5,DIAMOND,18 Ct/85,0,1
325L1,325,,DEFAULT,ER-C(0.26)N(5.438)-15027A1,DIAMOND,18 Ct/85,0,1
3260L1,3260,,DEFAULT,ER-C(0.400)N(2.240)-6,DIAMOND,18 Ct/85,0,1
3261L1,3261,,DEFAULT,ER-C(0.790)N(3.922)-7,DIAMOND,18 Ct/85,0,1
3262L1,3262,,DEFAULT,RG1-C(0.270)N(4.946)-1,DIAMOND,18 Ct/85,0,1
3263L1,3263,ANGUTHI,12NO,2026-04-01 00:00:00,GOLD,24 Ct,0,42
3264L1294,3264,ANGUTHI,16NO,2026-04-01 00:00:00,GOLD,24 Ct,0,21
3265L1,3265,ANGUTHI,17NO,2026-04-01 00:00:00,GOLD,24 Ct,0,26
3266L1,3266,ANGUTHI,19NO,2026-04-01 00:00:00,GOLD,24 Ct,0,30
3267L1,3267,ANGUTHI,18NO,2026-04-01 00:00:00,GOLD,24 Ct,0,57
3268L1,3268,ANGUTHI,15NO,2026-04-01 00:00:00,GOLD,24 Ct,0,47
326L1,326,,DEFAULT,ER-C(0.67)N(2.706)-15032A1,DIAMOND,18 Ct/85,0,1
3270L1,3270,,DEFAULT,ER-C(0.250)N(3.760)-2,DIAMOND,18 Ct/85,0,1
3272L2,3272,ROSE GOLD LADIES RING,18NO,1136-2,GOLD,18 Ct,0,1
3274L1,3274,KALASH,5INCH,354-10,SILVER,SILVER,0,5
3275L32,3275,THALI PLAIN,8INCH,383-10,SILVER,SILVER,0,1
3276L1,3276,FULPATRA,3INCH,349-10,SILVER,SILVER,0,13
3277L1,3277,CHOKON ANGUTHI,17NO,897-10,SILVER,SILVER,0,5
3278L1,3278,ANGUTHI,13NO,2026-04-01 00:00:00,GOLD,24 Ct,0,26
3279L1,3279,LADIES FANCY ANGUTHI,8NO,755-5,GOLD,22 Ct,0,5
327L1,327,,DEFAULT,ER-C(0.11)N(3.308)-15041A1,DIAMOND,18 Ct/85,0,1
3280L1,3280,COUPLE BAND PLAIN,11NO,900-10,SILVER,SILVER,0,8
3281L1,3281,COUPLE BAND PLAIN,8NO,900-10,SILVER,SILVER,0,10
3282L1,3282,COUPLE BAND PLAIN,22NO,900-10,SILVER,SILVER,0,13
3283L1,3283,COUPLE BAND PLAIN,19NO,900-10,SILVER,SILVER,0,16
3284L1,3284,,DEFAULT,RL1-C(0.790)N(2.702)-1,DIAMOND,18 Ct/85,0,1
3285L1,3285,FMG KOLKATA BANGLES,2.10INCH,1076-26,ONE GRAM,GOLDPLATED,1,4
3286L1,3286,ANGUTHI,11NO,2026-04-01 00:00:00,GOLD,24 Ct,0,24
3287L1,3287,BY BANGLE MACHINE 4,2.4INCH,777-5,GOLD,22 Ct,0,1
3288L1728,3288,ANGUTHI,5NO,2026-04-01 00:00:00,GOLD,24 Ct,0,1
3289L1,3289,LOTA,DEFAULT,359-10,SILVER,SILVER,0,1
328L1,328,,DEFAULT,ER-C(0.05)N(2.78)-15059A1,DIAMOND,18 Ct/85,0,1
3290L1,3290,COUPLE BAND PLAIN,24NO,900-10,SILVER,SILVER,0,7
3291L1,3291,,DEFAULT,ER-C(10.760)N(9.973)-1,DIAMOND,18 Ct/85,0,1
3292L1,3292,KARDA FANCY,8NO,808-5,GOLD,22 Ct,0,7
3293L1,3293,KARDA FANCY,9NO,808-5,GOLD,22 Ct,0,7
3294L1,3294,KARDA FANCY,13NO,808-5,GOLD,22 Ct,0,5
3295L1,3295,KARDA FANCY,17NO,808-5,GOLD,22 Ct,0,2
3296L1,3296,KARDA FANCY,18NO,808-5,GOLD,22 Ct,0,5
3297L1,3297,KARDA FANCY,21NO,808-5,GOLD,22 Ct,0,3
3298L1,3298,KARDA FANCY,22NO,808-5,GOLD,22 Ct,0,2
3299L1,3299,KARDA FANCY,24NO,808-5,GOLD,22 Ct,0,5
329L1,329,,DEFAULT,ER-C(0.89)N(6.382)-15061A1,DIAMOND,18 Ct/85,0,1
32L1,32,PADAK,DEFAULT,119-5,GOLD,22 Ct,0,3127
3300L1,3300,KARDA FANCY,25NO,808-5,GOLD,22 Ct,0,1
3301L1,3301,BANGLE STONE,2INCH,1014-10,SILVER,SILVER,0,10
3302L1,3302,NECKLACE SET 92.50,DEFAULT,1138-10,SILVER,SILVER,0,11
3303L1,3303,DOUBLE KADI BRACELATE,8INCH,1020-10,SILVER,SILVER,0,4
3304L1,3304,FMG PLAIN KADA,2.4INCH,1080-26,ONE GRAM,GOLDPLATED,1,3
3305L1,3305,FMG TODA BANGLES,2INCH,1082-26,ONE GRAM,GOLDPLATED,1,4
3306L1,3306,FMG BUNCH POTE,30INCH,1083-26,ONE GRAM,GOLDPLATED,1,6
3307L1,3307,FMG CHAIN POTE,30INCH,1084-26,ONE GRAM,GOLDPLATED,1,7
3308L1,3308,FMG NANO POTE,30INCH,1086-26,ONE GRAM,GOLDPLATED,1,3
3309L1,3309,FMG PATTI POTE,30INCH,1087-26,ONE GRAM,GOLDPLATED,1,67
330L1,330,,DEFAULT,ER-C(1.97)N(4.176)-15066A1,DIAMOND,18 Ct/85,0,1
3310L1,3310,FMG SHORT FANCY POTE,18INCH,1089-26,ONE GRAM,GOLDPLATED,1,16
3311L1,3311,FMG SHORT PATTI POTE,18INCH,1090-26,ONE GRAM,GOLDPLATED,1,1
3312L1,3312,FMG GENTS BRACELATE,8INCH,1115-26,ONE GRAM,GOLDPLATED,1,13
3313L1,3313,,DEFAULT,RL1-C(1.220)N(4.408)-1,DIAMOND,18 Ct/85,0,1
3314L1,3314,,DEFAULT,ER-C(0.240)N(4.652)-2,DIAMOND,18 Ct/85,0,1
3315L1,3315,,DEFAULT,ER-C(0.430)N(4.604)-3,DIAMOND,18 Ct/85,0,1
3316L1,3316,,DEFAULT,RL1-C(0.240)N(1.732)-4,DIAMOND,18 Ct/85,0,1
3317L1,3317,,DEFAULT,RL1-C(0.120)N(2.156)-5,DIAMOND,18 Ct/85,0,1
3318L1,3318,MANGALPOTE,DEFAULT,1139-10,SILVER,SILVER,0,61
3319L1,3319,COUPLE BAND PLAIN,26NO,900-10,SILVER,SILVER,0,3
331L1,331,,DEFAULT,ER-C(0.29)N(2.112)-15070A1,DIAMOND,18 Ct/85,0,1
3320L1,3320,BALAJI FRAMES,DEFAULT,1151-26,ONE GRAM,GOLDPLATED,1,2
3321L1,3321,GANESHJI FRAMES,DEFAULT,1152-26,ONE GRAM,GOLDPLATED,1,4
3322L1,3322,GAY VASARU FRAMES,DEFAULT,1153-26,ONE GRAM,GOLDPLATED,1,1
3323L1,3323,LAXMI GANESH FRAMES,DEFAULT,1154-26,ONE GRAM,GOLDPLATED,1,1
3324L1,3324,LAXMIJI FRAMES,DEFAULT,1155-26,ONE GRAM,GOLDPLATED,1,4
3325L1,3325,NAVKAR MANTRA FRAMES,DEFAULT,1156-26,ONE GRAM,GOLDPLATED,1,1
3326L1,3326,RADHAKRISHNA FRAMES,DEFAULT,1157-26,ONE GRAM,GOLDPLATED,1,1
3327L1,3327,RAM DARBAR FRAMES,DEFAULT,1158-26,ONE GRAM,GOLDPLATED,1,1
3328L1,3328,SARSWATIJI FRAMES,DEFAULT,1159-26,ONE GRAM,GOLDPLATED,1,1
3329L1,3329,SWAMI SAMARTH FRAMES,DEFAULT,1160-26,ONE GRAM,GOLDPLATED,1,1
332L1,332,,DEFAULT,ER-C(0.39)N(2.632)-15071A1,DIAMOND,18 Ct/85,0,1
3330L1,3330,TRIMURTI FRAMES,DEFAULT,1161-26,ONE GRAM,GOLDPLATED,1,1
3331L35,3331,RING G DIAMOND,16NO,1032-10,SILVER,SILVER,1,16
3332L1,3332,ROSE GOLD CHAIN,14INCH,1162-19,GOLD,18 Ct,0,1
3333L1,3333,CUBAN BRACELATE,6INCH,455-10,SILVER,SILVER,0,23
3334L1,3334,RING L CASTING,10NO,1041-10,SILVER,SILVER,1,1
3335L1,3335,,DEFAULT,RL1-C(0.45)N(2.103)-1,DIAMOND,18 Ct/85,0,1
3336L1,3336,,DEFAULT,RL1-C(0.72)N(2.195)-2,DIAMOND,18 Ct/85,0,1
3337L1,3337,,DEFAULT,RL1-C(0.5)N(3.23)-3,DIAMOND,18 Ct/85,0,1
3338L1,3338,,DEFAULT,RL1-C(0.64)N(1.792)-4,DIAMOND,18 Ct/85,0,1
3339L1,3339,,DEFAULT,ER-C(0.59)N(3.151)-5,DIAMOND,18 Ct/85,0,1
333L1,333,,DEFAULT,ER-C(0.25)N(1.65)-15079A1,DIAMOND,18 Ct/85,0,1
3340L1,3340,,DEFAULT,ER-C(0.7)N(2.918)-6,DIAMOND,18 Ct/85,0,1
3341L1,3341,,DEFAULT,ER-C(1.18)N(2.832)-7,DIAMOND,18 Ct/85,0,1
3342L1,3342,,DEFAULT,ER-C(1.03)N(3.902)-8,DIAMOND,18 Ct/85,0,1
3343L1,3343,,DEFAULT,ER-C(0.82)N(1.786)-9,DIAMOND,18 Ct/85,0,1
3344L1,3344,,DEFAULT,ER-C(0.87)N(2.113)-10,DIAMOND,18 Ct/85,0,1
3345L1,3345,,DEFAULT,ER-C(1.13)N(2.175)-11,DIAMOND,18 Ct/85,0,1
3346L1,3346,,DEFAULT,ER-C(1.14)N(2.636)-12,DIAMOND,18 Ct/85,0,1
3347L1,3347,,DEFAULT,ER-C(0.73)N(2.169)-13,DIAMOND,18 Ct/85,0,1
3348L1,3348,,DEFAULT,ER-C(0.27)N(1.674)-14,DIAMOND,18 Ct/85,0,1
3349L1,3349,,DEFAULT,ER-C(8.24)N(5.125)-15,DIAMOND,18 Ct/85,0,1
334L1,334,,DEFAULT,ER-C(0.52)N(4.756)-15080A1,DIAMOND,18 Ct/85,0,1
3350L1,3350,,DEFAULT,ER-C(2.62)N(3.019)-16,DIAMOND,18 Ct/85,0,1
3351L1,3351,,DEFAULT,ER-C(0.83)N(2.39)-17,DIAMOND,18 Ct/85,0,1
3353L1,3353,,DEFAULT,RL1-C(2.560)N(10.798)-1,DIAMOND,18 Ct/85,0,1
3354L1,3354,,DEFAULT,RL1-C(0.240)N(3.672)-2,DIAMOND,18 Ct/85,0,1
3355L1,3355,,DEFAULT,PENDANTL-C(0.000)N(0.350)-3,DIAMOND,18 Ct/85,0,1
3356L1,3356,GENTS FANCY ANGUTHI,29NO,754-5,GOLD,22 Ct,0,2
3357L4,3357,LADIES BRACELET,7INCH,394-5,GOLD,22 Ct,0,2
335L1,335,,DEFAULT,ER-C(4.4)N(8.22)-15125A1,DIAMOND,18 Ct/85,0,1
3360L1,3360,,DEFAULT,RG1-C(0.220)N(4.416)-3,DIAMOND,18 Ct/85,0,1
3362L1,3362,,DEFAULT,RL1-C(0.430)N(3.314)-5,DIAMOND,18 Ct/85,0,1
3363L1,3363,,DEFAULT,NP-C(0.150)N(0.700)-6,DIAMOND,18 Ct/85,0,1
3364L1,3364,,DEFAULT,FJ-C(0)N(8.77)-1,DIAMOND,18 Ct/85,0,1
3365L1,3365,THUSHI,DEFAULT,1163-5,GOLD,22 Ct,0,24
3366L1,3366,,DEFAULT,TUR NECK-C(0)N(0),DIAMOND,,1,1
3367L1,3367,,DEFAULT,T0UR RING-C(0)N(0)-2,DIAMOND,,1,1
3368L1,3368,,DEFAULT,TUR EAR-C(0)N(0)-3,DIAMOND,,1,1
3369L1,3369,,DEFAULT,TU BRACLET-C(0)N(0)-4,DIAMOND,,1,1
336L1,336,,DEFAULT,ER-C(2.75)N(12.32)-15130A1,DIAMOND,18 Ct/85,0,1
3370L1,3370,,DEFAULT,KU TOPS-C(0)N(0)-5,DIAMOND,,1,1
3371L1,3371,FMG TODA BANGLES,2.6INCH,1082-26,ONE GRAM,GOLDPLATED,1,2
3372L1,3372,,DEFAULT,RL1-C(0.260)N(1.588)-1,DIAMOND,18 Ct/85,0,1
3373L1,3373,,DEFAULT,RL1-C(0.220)N(2.626)-2,DIAMOND,18 Ct/85,0,1
3374L1,3374,,DEFAULT,RL1-C(0.090)N(2.122)-3,DIAMOND,18 Ct/85,0,1
3375L1,3375,,DEFAULT,RL1-C(0.140)N(1.932)-4,DIAMOND,18 Ct/85,0,1
3377L1,3377,,DEFAULT,RL1-C(0.160)N(3.338)-6,DIAMOND,18 Ct/85,0,1
3378L1,3378,,DEFAULT,RL1-C(0.220)N(1.496)-7,DIAMOND,18 Ct/85,0,1
3379L1,3379,,DEFAULT,RL1-C(0.050)N(2.250)-8,DIAMOND,18 Ct/85,0,1
337L1,337,,DEFAULT,ER-C(1.88)N(11.454)-15131A1,DIAMOND,18 Ct/85,0,1
3380L1,3380,,DEFAULT,RL1-C(0.150)N(1.930)-9,DIAMOND,18 Ct/85,0,1
3381L1,3381,,DEFAULT,RL1-C(0.140)N(2.122)-10,DIAMOND,18 Ct/85,0,1
3382L1,3382,,DEFAULT,RL1-C(0.050)N(2.530)-11,DIAMOND,18 Ct/85,0,1
3383L1,3383,,DEFAULT,RL1-C(0.130)N(2.174)-12,DIAMOND,18 Ct/85,0,1
3384L1,3384,,DEFAULT,RL1-C(0.140)N(2.232)-13,DIAMOND,18 Ct/85,0,1
3385L1,3385,,DEFAULT,NS-C(88.696)N(100.251)-1,DIAMOND,14CT/68,0,1
3386L1,3386,LOTA,7INCH,359-10,SILVER,SILVER,0,2
3387L1,3387,LOTA,6INCH,359-10,SILVER,SILVER,0,1
3388L1,3388,ANGUTHI,26NO,2026-04-01 00:00:00,GOLD,24 Ct,0,2
3389L1,3389,BANGLE PURE 4,2.2INCH,89-1,GOLD,24 Ct,0,1
338L1,338,,DEFAULT,ER-C(0.71)N(7.438)-15135A1,DIAMOND,18 Ct/85,0,1
3390L1,3390,PLAIN KADA,2.9INCH,688-10,SILVER,SILVER,0,1
3391L1,3391,ANGUTHI,6NO,2026-04-01 00:00:00,GOLD,24 Ct,0,2
3392L1,3392,,DEFAULT,KUNDAN NEC-C(0)N(0),DIAMOND,,1,1
3393L1,3393,,DEFAULT,KUNDAN EAR-C(0)N(0),DIAMOND,,1,1
3394L1,3394,PENDKAIDEVI,DEFAULT,1009-10,SILVER,SILVER,0,2
3395L1,3395,BADAM ANGUTHI,5NO,896-10,SILVER,SILVER,0,3
3396L1,3396,BADAM ANGUTHI,6NO,896-10,SILVER,SILVER,0,9
3397L1,3397,BADAM ANGUTHI,8NO,896-10,SILVER,SILVER,0,23
3398L1,3398,FMG SHORT PATTI POTE,22INCH,1090-26,ONE GRAM,GOLDPLATED,1,20
3399L1,3399,FMG LADIES RING,DEFAULT,1164-26,ONE GRAM,GOLDPLATED,1,15
339L1,339,,DEFAULT,ER-C(3.65)N(6.49)-15145A1,DIAMOND,18 Ct/85,0,1
33L1,33,LONG VERTICAL MAL,DEFAULT,115-5,GOLD,22 Ct,0,43
3400L1,3400,,DEFAULT,RG1-C(0.000)N(8.490)-1,DIAMOND,18 Ct/85,0,1
3401L1,3401,INDO-ITALIAN,26INCH,797-5,GOLD,22 Ct,0,1
3402L1,3402,KALANKAMATA,DEFAULT,1010-10,SILVER,SILVER,0,1
3403L12,3403,GOTE PURE 2,2.6INCH,91-1,GOLD,24 Ct,0,1
3404L15,3404,BANGLE PURE 4,2.6INCH,89-1,GOLD,24 Ct,0,2
3405L1,3405,BADAM ANGUTHI,28NO,896-10,SILVER,SILVER,0,1
3406L1,3406,COUPLE BAND PLAIN,23NO,900-10,SILVER,SILVER,0,2
3407L1,3407,SPOON,8INCH,376-10,SILVER,SILVER,0,1
3408L1,3408,TRAY,DEFAULT,384-10,SILVER,SILVER,0,1
3409L1,3409,COUPLE BAND PLAIN,29NO,900-10,SILVER,SILVER,0,4
340L1,340,,DEFAULT,ER-C(2.76)N(3.918)-15149A1,DIAMOND,18 Ct/85,0,1
3412L1,3412,CHOKON ANGUTHI,22NO,897-10,SILVER,SILVER,0,6
3413L1,3413,CHOKON ANGUTHI,24NO,897-10,SILVER,SILVER,0,2
3415L20,3415,BANGLE PURE 4,2.4INCH,89-1,GOLD,24 Ct,0,3
3416L1789,3416,ANGUTHI,27NO,2026-04-01 00:00:00,GOLD,24 Ct,0,2
3417L1,3417,LADIES FANCY ANGUTHI,17NO,755-5,GOLD,22 Ct,0,7
3418L1,3418,MEENA PAYAL,10INCH,878-10,SILVER,SILVER,0,6
3419L1,3419,STONEWALI PAYAL,10INCH,877-10,SILVER,SILVER,0,2
341L1,341,,DEFAULT,ER-C(0.73)N(3.734)-15151A1,DIAMOND,18 Ct/85,0,1
3420L1,3420,FMG HALFROUND BANGLES,2.4INCH,1074-26,ONE GRAM,GOLDPLATED,1,3
3421L1,3421,FMG POTE PADAK,DEFAULT,1167-26,ONE GRAM,GOLDPLATED,1,18
3422L1,3422,GOTE PURE 2,2.5INCH,91-1,GOLD,24 Ct,0,4
3423L1,3423,FANCY BALI,DEFAULT,1169-10,SILVER,SILVER,0,6
3424L1,3424,PALNA,DEFAULT,970-10,SILVER,SILVER,0,16
3425L1,3425,DABBI,DEFAULT,390-10,SILVER,SILVER,0,4
3426L1,3426,BY FANCY KANGAN 2,2.5INCH,803-5,GOLD,22 Ct,0,2
3427L1,3427,BY FANCY KANGAN 2,2.7INCH,803-5,GOLD,22 Ct,0,2
3428L1,3428,BY FANCY KANGAN 2,2.4INCH,803-5,GOLD,22 Ct,0,2
3429L1,3429,STONE ANGUTHI,24NO,898-10,SILVER,SILVER,0,1
342L1,342,,DEFAULT,ER-C(6.16)N(4.388)-15152A1,DIAMOND,18 Ct/85,0,1
3430L1,3430,EKDANI,DEFAULT,1170-5,GOLD,22 Ct,0,4
3432L1,3432,FANCY  KADA,DEFAULT,1171-10,SILVER,SILVER,0,40
3433L1,3433,SPOON,DEFAULT,376-10,SILVER,SILVER,0,1
3434L1,3434,VATI SET 2,DEFAULT,273-5,GOLD,22 Ct,0,20
3435L41,3435,LADIES FANCY BRACELET,6.5INCH,791-5,GOLD,22 Ct,0,6
3436L11,3436,GOTE PURE 2,2.4INCH,91-1,GOLD,24 Ct,0,1
3437L1,3437,BANGLE MACHINE 4,2.1INCH,76-5,GOLD,22 Ct,0,1
3438L1,3438,MEENA KANDORA,DEFAULT,1016-10,SILVER,SILVER,0,3
3439L1,3439,TENDULKAR,16INCH,795-5,GOLD,22 Ct,0,1
343L1,343,,DEFAULT,ER-C(11.34)N(14.972)-15155A1,DIAMOND,18 Ct/85,0,1
3441L1,3441,CHANDAN HAR SET,DEFAULT,396-5,GOLD,22 Ct,0,3
3443L1,3443,LOTA,5INCH,359-10,SILVER,SILVER,0,2
3444L1,3444,GENTS ANGUTHI,7NO,406-5,GOLD,22 Ct,0,1
3445L1,3445,CHOKON ANGUTHI,6NO,897-10,SILVER,SILVER,0,4
3446L1,3446,RING L TORTOISE,10NO,1039-10,SILVER,SILVER,1,3
3447L1,3447,RAJMUDRA PLAIN ANGUTHI,15NO,886-10,SILVER,SILVER,0,1
3448L1,3448,LONG NANO POTE,30INCH,766-5,GOLD,22 Ct,0,1
3449L1,3449,GOTE PURE 2,2.8INCH,91-1,GOLD,24 Ct,0,2
344L1,344,,DEFAULT,ER-C(9.39)N(16.686)-15156A1,DIAMOND,18 Ct/85,0,1
3450L1,3450,KADA DIAMOND,DEFAULT,1054-10,SILVER,SILVER,1,12
3451L1,3451,RING G DIAMOND,20NO,1032-10,SILVER,SILVER,1,11
3452L1,3452,RING L ROSEGOLD,14NO,1037-10,SILVER,SILVER,1,4
3453L1,3453,BANGLE PURE 2,2.5INCH,88-1,GOLD,24 Ct,0,1
3454L1,3454,,DEFAULT,SINGAL STONE NOSEPIN,BY PCS,,1,1
3455L1,3455,LADIES FANCY ANGUTHI,6NO,755-5,GOLD,22 Ct,0,4
3456L48,3456,PATLI PURE 2,2.5INCH,90-1,GOLD,24 Ct,0,1
3457L1,3457,TENDULKAR BRACELATE,8INCH,571-10,SILVER,SILVER,0,7
3458L1,3458,BY BANGLE FANCY 4,2.5INCH,432-5,GOLD,22 Ct,0,2
345L1,345,,DEFAULT,ER-C(0.51)N(4.388)-15179A1,DIAMOND,18 Ct/85,0,1
3460L1,3460,ANGUTHI,29NO,2026-04-01 00:00:00,GOLD,24 Ct,0,1
3461L1,3461,COUPLE BAND PLAIN,27NO,900-10,SILVER,SILVER,0,2
3462L1,3462,COUPLE BAND PLAIN,6NO,900-10,SILVER,SILVER,0,23
3463L1,3463,,DEFAULT,RG1-C(0.600)N(5.490)-1,DIAMOND,18 Ct/85,0,1
3464L1,3464,,DEFAULT,RL1-C(0.200)N(2.040)-2,DIAMOND,18 Ct/85,0,1
3465L1,3465,,DEFAULT,PENDANTL-C(0.200)N(0.880)-3,DIAMOND,18 Ct/85,0,1
3466L1,3466,,DEFAULT,ER-C(0.400)N(2.580)-4,DIAMOND,18 Ct/85,0,1
3467L1,3467,,DEFAULT,ER-C(0.250)N(0.810)-5,DIAMOND,18 Ct/85,0,1
3468L1,3468,,DEFAULT,ER-C(0.170)N(0.756)-6,DIAMOND,18 Ct/85,0,1
3469L1,3469,BY BANGLE FANCY 2,2.5INCH,546-5,GOLD,22 Ct,0,1
346L1,346,,DEFAULT,ER-C(0.48)N(3.374)-15185A1,DIAMOND,18 Ct/85,0,1
3470L1,3470,,DEFAULT,RL1-C(0.270)N(3.536)-1,DIAMOND,18 Ct/85,0,1
3471L1,3471,BANGLE PURE 4,2.5INCH,89-1,GOLD,24 Ct,0,1
3472L1,3472,TORTOISE ANGUTHI,18NO,888-10,SILVER,SILVER,0,1
3473L1,3473,,DEFAULT,RL1-C(0.190)N(1.622)-2,DIAMOND,18 Ct/85,0,1
3474L1,3474,,DEFAULT,RL1-C(0.510)N(3.318)-1,DIAMOND,18 Ct/85,0,1
3475L1,3475,,DEFAULT,RG1-C(0.190)N(3.852)-3,DIAMOND,18 Ct/85,0,1
3476L1,3476,,DEFAULT,RL1-C(0.100)N(1.970)-4,DIAMOND,18 Ct/85,0,1
3477L1,3477,,DEFAULT,ER-C(0.230)N(4.204)-5,DIAMOND,18 Ct/85,0,1
3478L1,3478,,DEFAULT,ER-C(1.340)N(3.752)-6,DIAMOND,18 Ct/85,0,1
3479L1,3479,GENTS FANCY ANGUTHI,11NO,754-5,GOLD,22 Ct,0,1
347L1,347,,DEFAULT,ER-C(0.25)N(1.54)-15190A1,DIAMOND,18 Ct/85,0,1
3480L1,3480,GENTS FANCY ANGUTHI,9NO,754-5,GOLD,22 Ct,0,1
3481L1,3481,BRACELATE G ANTIQ,8INCH,1059-10,SILVER,SILVER,1,20
3482L1,3482,BRACELATE G ROSEGOLD,8INCH,1058-10,SILVER,SILVER,1,3
3483L1,3483,CHAIN ROSEGOLD,20INCH,1030-10,SILVER,SILVER,1,2
3484L1,3484,CHAIN ITALIAN,20INCH,1029-10,SILVER,SILVER,1,3
3485L1,3485,RING G DIAMOND,15NO,1032-10,SILVER,SILVER,1,6
3486L1,3486,CUBAN BRACELATE,7INCH,455-10,SILVER,SILVER,0,6
3487L1,3487,GENTS FANCY ANGUTHI,27NO,754-5,GOLD,22 Ct,0,3
3488L1,3488,SADI PAYAL BACCHA,5INCH,830-10,SILVER,SILVER,0,26
3489L1,3489,,DEFAULT,RG1-C(0.400)N(5.890)-1,DIAMOND,18 Ct/85,0,1
348L1,348,,DEFAULT,ER-C(0.44)N(2.995)-15200A1,DIAMOND,18 Ct/85,0,1
3490L1,3490,,DEFAULT,RG1-C(0.260)N(5.308)-2,DIAMOND,18 Ct/85,0,1
3491L1,3491,,DEFAULT,RG1-C(0.220)N(4.916)-3,DIAMOND,18 Ct/85,0,1
3492L1,3492,,DEFAULT,RG1-C(0.190)N(3.822)-4,DIAMOND,18 Ct/85,0,1
3493L1,3493,,DEFAULT,RG1-C(0.410)N(5.278)-5,DIAMOND,18 Ct/85,0,1
3494L1,3494,,DEFAULT,RG1-C(0.230)N(3.994)-6,DIAMOND,18 Ct/85,0,1
3495L1,3495,,DEFAULT,RG1-C(0.270)N(5.796)-7,DIAMOND,18 Ct/85,0,1
3496L1,3496,,DEFAULT,RG1-C(0.240)N(6.102)-8,DIAMOND,18 Ct/85,0,1
3497L1,3497,,DEFAULT,RG1-C(0.300)N(5.050)-9,DIAMOND,18 Ct/85,0,1
3498L1,3498,,DEFAULT,RG1-C(0.350)N(5.970)-10,DIAMOND,18 Ct/85,0,1
3499L1,3499,,DEFAULT,RG1-C(0.190)N(4.372)-11,DIAMOND,18 Ct/85,0,1
349L1,349,,DEFAULT,ER-C(0.24)N(1.922)-15201A1,DIAMOND,18 Ct/85,0,1
34L10,34,POTE CHAIN,DEFAULT,120-5,GOLD,22 Ct,0,17
3500L1,3500,,DEFAULT,RG1-C(0.330)N(5.294)-12,DIAMOND,18 Ct/85,0,1
3501L1,3501,,DEFAULT,RG1-C(0.360)N(5.738)-13,DIAMOND,18 Ct/85,0,1
3502L1,3502,,DEFAULT,NP-C(0.000)N(0.548)-1,DIAMOND,18 Ct/85,0,1
3503L1,3503,,DEFAULT,749 STONE NOSEPIN NAKA,BY PCS,,1,1
3504L1,3504,,DEFAULT,899 STONE NOSEPIN NAKA TAR,BY PCS,,1,1
3505L1,3505,,DEFAULT,1099 STONE NOSEPIN NAKA FIRKI,BY PCS,,1,1
3506L1,3506,,DEFAULT,2499 STONE NOSEPIN NAKA FIRKI,BY PCS,,1,1
3507L1,3507,,DEFAULT,899 STONE NOSEPIN STAR FIRKI,BY PCS,,1,1
3508L1,3508,,DEFAULT,1299 STONE NOSEPIN STAR FIRKI,BY PCS,,1,1
3509L1,3509,,DEFAULT,1099 STONE NOSEPIN STAR FIRKI,BY PCS,,1,1
350L1,350,,DEFAULT,ER-C(0.38)N(2.634)-15218A1,DIAMOND,18 Ct/85,0,1
3510L1,3510,,DEFAULT,2499 STONE NOSEPIN STAR FIRKI,BY PCS,,1,1
3511L1,3511,,DEFAULT,699 STONE NOSEPIN VAATI FIRKI,BY PCS,,1,1
3512L1,3512,,DEFAULT,899 STONE NOSEPIN VAATI FIRKI,BY PCS,,1,1
3513L1,3513,,DEFAULT,999 STONE NOSEPIN VAATI FIRKI,BY PCS,,1,1
3514L1,3514,,DEFAULT,1099 STONE NOSEPIN VAATI FIRKI,BY PCS,,1,1
3515L1,3515,,DEFAULT,1299 STONE NOSEPIN VAATI FIRKI,BY PCS,,1,1
3516L1,3516,,DEFAULT,1799 STONE NOSEPIN VAATI FIRKI,BY PCS,,1,1
3517L1,3517,,DEFAULT,1799 STONE NOSEPIN NAKA,BY PCS,,1,1
3518L1,3518,,DEFAULT,2999 STONE NOSEPIN NAKA TAR,BY PCS,,1,1
3519L1,3519,,DEFAULT,799 STONE NOSEPIN VAATI FIRKI,BY PCS,,1,1
351L1,351,,DEFAULT,ER-C(0.26)N(2.508)-15227A1,DIAMOND,18 Ct/85,0,1
3520L1,3520,,DEFAULT,1499 STONE NOSEPIN VAATI FIRKI,BY PCS,,1,1
3521L1,3521,,DEFAULT,1999 STONE NOSEPIN VAATI FIRKI,BY PCS,,1,1
3522L1,3522,,DEFAULT,2499 STONE NOSEPIN VAATI FIRKI,BY PCS,,1,1
3523L1,3523,,DEFAULT,2999 STONE NOSEPIN VAATI FIRKI,BY PCS,,1,1
3524L1,3524,CHOKON ANGUTHI,23NO,897-10,SILVER,SILVER,0,5
3525L1,3525,BY BANGLE FANCY 4,2.7INCH,432-5,GOLD,22 Ct,0,1
3527L1,3527,PATLI PURE 2,2.4INCH,90-1,GOLD,24 Ct,0,2
3528L1,3528,PATLI PURE 2,2.6INCH,90-1,GOLD,24 Ct,0,3
3529L1,3529,GENTS FANCY ANGUTHI,13NO,754-5,GOLD,22 Ct,0,1
352L1,352,,DEFAULT,ER-C(0.41)N(2.938)-15230A1,DIAMOND,18 Ct/85,0,1
3530L1,3530,COUPLE BAND FANCY,15NO,901-10,SILVER,SILVER,0,1
3531L1,3531,,DEFAULT,RL1-C(0.670)N(3.086)-1,DIAMOND,18 Ct/85,0,1
3532L1,3532,,DEFAULT,NP-C(0.400)N(0.420)-2,DIAMOND,18 Ct/85,0,1
3533L1,3533,,DEFAULT,NP-C(0.000)N(0.196)-3,DIAMOND,18 Ct/85,0,1
3534L1,3534,FANCY KADA,2.2INCH,464-10,SILVER,SILVER,0,1
3535L1,3535,,DEFAULT,RL1-C(0.000)N(2.978)-1,DIAMOND,18 Ct/85,0,1
3536L1,3536,,DEFAULT,ER-C(0.370)N(2.996)-1,DIAMOND,18 Ct/85,0,1
3537L1,3537,,DEFAULT,ER-C(0.330)N(4.454)-2,DIAMOND,18 Ct/85,0,1
3538L1,3538,,DEFAULT,ER-C(0.180)N(4.044)-3,DIAMOND,18 Ct/85,0,1
3539L1,3539,,DEFAULT,ER-C(0.350)N(3.410)-4,DIAMOND,18 Ct/85,0,1
353L1,353,,DEFAULT,ER-C(0.36)N(2.028)-15231A1,DIAMOND,18 Ct/85,0,1
3540L1,3540,,DEFAULT,ER-C(0.200)N(3.620)-5,DIAMOND,18 Ct/85,0,1
3541L1,3541,,DEFAULT,ER-C(0.270)N(3.376)-6,DIAMOND,18 Ct/85,0,1
3542L1,3542,,DEFAULT,ER-C(0.210)N(3.238)-7,DIAMOND,18 Ct/85,0,1
3543L1,3543,,DEFAULT,ER-C(0.250)N(3.410)-8,DIAMOND,18 Ct/85,0,1
3544L1,3544,,DEFAULT,ER-C(0.190)N(3.142)-9,DIAMOND,18 Ct/85,0,1
3545L1,3545,,DEFAULT,ER-C(0.320)N(3.136)-10,DIAMOND,18 Ct/85,0,1
3546L1,3546,,DEFAULT,ER-C(0.200)N(3.090)-11,DIAMOND,18 Ct/85,0,1
3547L1,3547,,DEFAULT,NP-C(0.080)N(0.184)-12,DIAMOND,18 Ct/85,0,1
3548L1,3548,,DEFAULT,NP-C(0.120)N(0.266)-13,DIAMOND,18 Ct/85,0,1
3549L1,3549,,DEFAULT,NP-C(0.100)N(0.170)-14,DIAMOND,18 Ct/85,0,1
354L1,354,,DEFAULT,ER-C(0.24)N(3.722)-15243A1,DIAMOND,18 Ct/85,0,1
3550L1,3550,,DEFAULT,NP-C(0.100)N(0.200)-15,DIAMOND,18 Ct/85,0,1
3551L1,3551,,DEFAULT,NP-C(0.100)N(0.240)-16,DIAMOND,18 Ct/85,0,1
3552L1,3552,,DEFAULT,NP-C(0.120)N(0.276)-17,DIAMOND,18 Ct/85,0,1
3553L1,3553,,DEFAULT,NP-C(0.120)N(0.256)-18,DIAMOND,18 Ct/85,0,1
3554L1,3554,,DEFAULT,NP-C(0.120)N(0.256)-19,DIAMOND,18 Ct/85,0,1
3555L1,3555,,DEFAULT,NP-C(0.120)N(0.286)-20,DIAMOND,18 Ct/85,0,1
3556L1,3556,,DEFAULT,NP-C(0.130)N(0.284)-21,DIAMOND,18 Ct/85,0,1
3557L1,3557,,DEFAULT,NS-C(1.910)N(9.008)-1,DIAMOND,18 Ct/85,0,1
3558L1,3558,,DEFAULT,NE-C(0.610)N(3.238)-2,DIAMOND,18 Ct/85,0,1
3559L1,3559,,DEFAULT,NS-C(2.600)N(15.670)-3,DIAMOND,18 Ct/85,0,1
355L1,355,,DEFAULT,ER-C(0.11)N(2.178)-15245A1,DIAMOND,18 Ct/85,0,1
3560L1,3560,,DEFAULT,NE-C(0.360)N(3.328)-4,DIAMOND,18 Ct/85,0,1
3561L1,3561,,DEFAULT,NS-C(3.330)N(15.884)-5,DIAMOND,18 Ct/85,0,1
3562L1,3562,,DEFAULT,NE-C(0.900)N(6.040)-6,DIAMOND,18 Ct/85,0,1
3563L1,3563,,DEFAULT,PENDANT  S-C(0.390)N(2.132)-7,DIAMOND,18 Ct/85,0,1
3564L1,3564,,DEFAULT,PE-C(0.460)N(3.668)-8,DIAMOND,18 Ct/85,0,1
3565L1,3565,,DEFAULT,ER-C(1.030)N(3.644)-9,DIAMOND,18 Ct/85,0,1
3566L1,3566,,DEFAULT,RG1-C(0.820)N(10.926)-10,DIAMOND,18 Ct/85,0,1
3567L1,3567,,DEFAULT,RG1-C(0.200)N(5.190)-11,DIAMOND,18 Ct/85,0,1
3568L1,3568,,DEFAULT,RG1-C(0.670)N(5.336)-12,DIAMOND,18 Ct/85,0,1
3569L1,3569,BANGLE MEENA,2.2INCH,1013-10,SILVER,SILVER,0,5
356L1,356,,DEFAULT,ER-C(1.13)N(3.944)-15252A1,DIAMOND,18 Ct/85,0,1
3570L1,3570,LADIES FANCY ANGUTHI,19NO,755-5,GOLD,22 Ct,0,2
3571L1,3571,,DEFAULT,RL1-C(0.160)N(2.038)-1,DIAMOND,18 Ct/85,0,1
3572L1,3572,,DEFAULT,RL1-C(0.430)N(2.384)-2,DIAMOND,18 Ct/85,0,1
3573L1,3573,,DEFAULT,RL1-C(0.190)N(2.212)-3,DIAMOND,18 Ct/85,0,1
3574L1,3574,,DEFAULT,RL1-C(0.090)N(2.202)-4,DIAMOND,18 Ct/85,0,1
3575L1,3575,,DEFAULT,RL1-C(0.250)N(1.880)-5,DIAMOND,18 Ct/85,0,1
3576L1,3576,,DEFAULT,RL1-C(0.110)N(1.808)-6,DIAMOND,18 Ct/85,0,1
3577L1,3577,,DEFAULT,RL1-C(0.120)N(2.366)-7,DIAMOND,18 Ct/85,0,1
3578L1,3578,,DEFAULT,RL1-C(0.140)N(1.962)-8,DIAMOND,18 Ct/85,0,1
3579L1,3579,,DEFAULT,RL1-C(0.150)N(1.650)-9,DIAMOND,18 Ct/85,0,1
357L1,357,,DEFAULT,NP-C(0.09)N(0.852)-15262A1,DIAMOND,18 Ct/85,0,1
3580L1,3580,,DEFAULT,RL1-C(0.320)N(2.256)-10,DIAMOND,18 Ct/85,0,1
3581L1,3581,,DEFAULT,RL1-C(0.130)N(1.484)-11,DIAMOND,18 Ct/85,0,1
3582L1,3582,,DEFAULT,RL1-C(0.100)N(1.500)-12,DIAMOND,18 Ct/85,0,1
3583L1,3583,,DEFAULT,RL1-C(0.160)N(2.378)-13,DIAMOND,18 Ct/85,0,1
3584L1,3584,,DEFAULT,RL1-C(0.250)N(2.370)-14,DIAMOND,18 Ct/85,0,1
3585L1,3585,,DEFAULT,RL1-C(0.110)N(1.738)-15,DIAMOND,18 Ct/85,0,1
3586L1,3586,,DEFAULT,RL1-C(0.180)N(2.604)-16,DIAMOND,18 Ct/85,0,1
3587L1,3587,,DEFAULT,RL1-C(0.330)N(2.684)-17,DIAMOND,18 Ct/85,0,1
3588L1,3588,,DEFAULT,RL1-C(0.220)N(1.876)-18,DIAMOND,18 Ct/85,0,1
3589L1,3589,,DEFAULT,RL1-C(0.150)N(1.500)-19,DIAMOND,18 Ct/85,0,1
358L1,358,,DEFAULT,NP-C(0.05)N(0.45)-15264A1,DIAMOND,18 Ct/85,0,1
3590L1,3590,,DEFAULT,RL1-C(0.170)N(2.056)-20,DIAMOND,18 Ct/85,0,1
3591L1,3591,,DEFAULT,RL1-C(0.270)N(1.936)-21,DIAMOND,18 Ct/85,0,1
3592L1,3592,,DEFAULT,RL1-C(0.160)N(1.728)-22,DIAMOND,18 Ct/85,0,1
3593L1,3593,,DEFAULT,ER-C(0.320)N(2.676)-23,DIAMOND,18 Ct/85,0,1
3594L1,3594,KARDA,30NO,807-5,GOLD,22 Ct,0,1
3596L1,3596,TOPS STONE,DEFAULT,162-2,GOLD,18 Ct,0,8
3597L1,3597,GENTS BALI,DEFAULT,157-2,GOLD,18 Ct,0,7
3598L1,3598,CHOKON ANGUTHI,25NO,897-10,SILVER,SILVER,0,1
3599L1,3599,TOPS STONE,DEFAULT,162-5,GOLD,22 Ct,0,28
359L1,359,,DEFAULT,NP-C(0.04)N(0.422)-15265A1,DIAMOND,18 Ct/85,0,1
35L1,35,TULSHI MALA BLACK,DEFAULT,117-5,GOLD,22 Ct,0,4
3600L1,3600,LADIES CASTING ANGUTHI,3NO,391-5,GOLD,22 Ct,0,1
3601L1,3601,EARRINGS 92.50,DEFAULT,1069-10,SILVER,SILVER,1,5
3602L1,3602,RING L ROSEGOLD,DEFAULT,1037-10,SILVER,SILVER,1,5
360L1,360,,DEFAULT,NP-C(0.02)N(0.366)-15266A1,DIAMOND,18 Ct/85,0,1
361L1,361,,DEFAULT,NP-C(0.03)N(0.414)-15268A1,DIAMOND,18 Ct/85,0,1
362L1,362,,DEFAULT,NP-C(0.48)N(0.314)-15269A1,DIAMOND,18 Ct/85,0,1
363L1,363,,DEFAULT,NP-C(0.05)N(0.57)-15270A1,DIAMOND,18 Ct/85,0,1
364L1,364,,DEFAULT,NP-C(0.03)N(0.414)-15272A1,DIAMOND,18 Ct/85,0,1
365L1,365,,DEFAULT,NP-C(0.03)N(0.474)-15274A1,DIAMOND,18 Ct/85,0,1
366L1,366,,DEFAULT,NP-C(0.03)N(0.284)-15279A1,DIAMOND,18 Ct/85,0,1
367L1,367,,DEFAULT,NP-C(0.04)N(0.542)-15280A1,DIAMOND,18 Ct/85,0,1
368L1,368,,DEFAULT,NP-C(0.04)N(0.412)-15281A1,DIAMOND,18 Ct/85,0,1
369L1,369,,DEFAULT,NP-C(0.05)N(0.49)-15282A1,DIAMOND,18 Ct/85,0,1
36L1,36,VATI SET 2 L,DEFAULT,710-5,GOLD,22 Ct,0,1349
370L1,370,,DEFAULT,NP-C(0.01)N(0.368)-15285A1,DIAMOND,18 Ct/85,0,1
371L1,371,,DEFAULT,NP-C(0.05)N(0.42)-15289A1,DIAMOND,18 Ct/85,0,1
372L1,372,,DEFAULT,NP-C(0.09)N(0.792)-15293A1,DIAMOND,18 Ct/85,0,1
373L1,373,,DEFAULT,NP-C(0.03)N(0.404)-15300A1,DIAMOND,18 Ct/85,0,1
374L1,374,,DEFAULT,NP-C(0.03)N(0.364)-15303A1,DIAMOND,18 Ct/85,0,1
375L1,375,,DEFAULT,NP-C(0.04)N(0.362)-15304A1,DIAMOND,18 Ct/85,0,1
376L1,376,,DEFAULT,NP-C(0)N(1.01)-15312A1,DIAMOND,18 Ct/85,0,1
377L1,377,,DEFAULT,NP-C(0)N(0.88)-15313A1,DIAMOND,18 Ct/85,0,1
378L1,378,,DEFAULT,IT. STIFF-C(0)N(4.92)-15331A1,DIAMOND,14CT/68,0,1
379L1,379,,DEFAULT,PENDANT  S-C(0.12)N(1.576)-15344A1,DIAMOND,18 Ct/85,0,1
37L1,37,AKDANI GOL 4>,DEFAULT,177-5,GOLD,22 Ct,0,1
380L1,380,,DEFAULT,PE-C(0.17)N(2.686)-15345A1,DIAMOND,18 Ct/85,0,1
381L1,381,,DEFAULT,PENDANT  S-C(0.3)N(2.18)-15346A1,DIAMOND,18 Ct/85,0,1
382L1,382,,DEFAULT,PE-C(0.36)N(3.228)-15347A1,DIAMOND,18 Ct/85,0,1
383L1,383,,DEFAULT,PENDANT  S-C(0.25)N(2.23)-15352A1,DIAMOND,18 Ct/85,0,1
384L1,384,,DEFAULT,PE-C(0.28)N(2.584)-15353A1,DIAMOND,18 Ct/85,0,1
385L1,385,,DEFAULT,PENDANT  S-C(0.19)N(1.982)-15358A1,DIAMOND,18 Ct/85,0,1
386L1,386,,DEFAULT,PE-C(0.24)N(3.282)-15359A1,DIAMOND,18 Ct/85,0,1
387L1,387,,DEFAULT,PENDANT  S-C(0.27)N(1.456)-15372A1,DIAMOND,18 Ct/85,0,1
388L1,388,,DEFAULT,PE-C(0.31)N(3.118)-15373A1,DIAMOND,18 Ct/85,0,1
389L1,389,,DEFAULT,PENDANT  S-C(0.14)N(0.712)-15374A1,DIAMOND,18 Ct/85,0,1
390L1,390,,DEFAULT,PE-C(0.18)N(2.064)-15375A1,DIAMOND,18 Ct/85,0,1
391L1,391,,DEFAULT,PENDANT  S-C(0.15)N(1.72)-15386A1,DIAMOND,18 Ct/85,0,1
392L1,392,,DEFAULT,PE-C(0.2)N(1.78)-15387A1,DIAMOND,18 Ct/85,0,1
393L1,393,,DEFAULT,PENDANT  S-C(2.5)N(5.21)-15413A1,DIAMOND,18 Ct/85,0,1
394L1,394,,DEFAULT,PE-C(5)N(12.1)-15414A1,DIAMOND,18 Ct/85,0,1
395L1,395,,DEFAULT,PENDANT  S-C(2.2)N(2.14)-15415A1,DIAMOND,18 Ct/85,0,1
396L1,396,,DEFAULT,PE-C(2.15)N(2.54)-15416A1,DIAMOND,18 Ct/85,0,1
397L1,397,,DEFAULT,PENDANT  S-C(90.03)N(15.624)-15425A1,DIAMOND,18 Ct/85,0,1
398L1,398,,DEFAULT,PE-C(175.91)N(29.048)-15426A1,DIAMOND,18 Ct/85,0,1
399L1,399,,DEFAULT,PENDANT  S-C(29.68)N(19.61)-15429A1,DIAMOND,18 Ct/85,0,1
39L1,39,BRACELET GENTS HOLLOW,DEFAULT,43-5,GOLD,22 Ct,0,78
39L35,39,BRACELET GENTS HOLLOW,8INCH,43-5,GOLD,22 Ct,0,8
3L1,3,PATLI FANCY 2,2.2INCH,60-5,GOLD,22 Ct,0,2
400L1,400,,DEFAULT,PE-C(7.65)N(16.046)-15430A1,DIAMOND,18 Ct/85,0,1
401L1,401,,DEFAULT,PENDANT  S-C(86.82)N(44.856)-15435A1,DIAMOND,18 Ct/85,0,1
402L1,402,,DEFAULT,PE-C(7.54)N(14.102)-15436A1,DIAMOND,18 Ct/85,0,1
403L1,403,,DEFAULT,PENDANT  S-C(21.24)N(15.482)-15437A1,DIAMOND,18 Ct/85,0,1
404L1,404,,DEFAULT,PE-C(12.22)N(16.016)-15438A1,DIAMOND,18 Ct/85,0,1
405L1,405,,DEFAULT,PENDANT  S-C(4.42)N(12.506)-15439A1,DIAMOND,18 Ct/85,0,1
406L1,406,,DEFAULT,PE-C(10.44)N(35.202)-15440A1,DIAMOND,18 Ct/85,0,1
407L1,407,,DEFAULT,PENDANT  S-C(57.38)N(29.254)-15441A1,DIAMOND,18 Ct/85,0,1
408L1,408,,DEFAULT,PE-C(16.99)N(17.484)-15442A1,DIAMOND,18 Ct/85,0,1
409L1,409,,DEFAULT,PENDANT  S-C(28.92)N(16.67)-15445A1,DIAMOND,18 Ct/85,0,1
40L1,40,HAR DULL,DEFAULT,2026-07-05 00:00:00,GOLD,22 Ct,0,722
410L1,410,,DEFAULT,PE-C(4.25)N(12.45)-15446A1,DIAMOND,18 Ct/85,0,1
411L1,411,,DEFAULT,PE-C(8.31)N(13.434)-15447A1,DIAMOND,18 Ct/85,0,1
412L1,412,,DEFAULT,PENDANT  S-C(17.8)N(13.76)-15448A1,DIAMOND,18 Ct/85,0,1
413L1,413,,DEFAULT,PE-C(14.33)N(13.394)-15449A1,DIAMOND,18 Ct/85,0,1
414L1,414,,DEFAULT,PENDANT  S-C(51.82)N(21.192)-15450A1,DIAMOND,18 Ct/85,0,1
415L1,415,,DEFAULT,PE-C(8.56)N(19.592)-15451A1,DIAMOND,18 Ct/85,0,1
416L1,416,,DEFAULT,PENDANT  S-C(41.38)N(23.586)-15452A1,DIAMOND,18 Ct/85,0,1
417L1,417,,DEFAULT,PE-C(7.57)N(14.751)-15453A1,DIAMOND,18 Ct/85,0,1
418L1,418,,DEFAULT,PENDANT  S-C(20.2)N(13.33)-15454A1,DIAMOND,18 Ct/85,0,1
419L1,419,,DEFAULT,PENDANT  S-C(34.95)N(20.175)-15455A1,DIAMOND,18 Ct/85,0,1
41L1,41,FANCY HAR SET,DEFAULT,37-5,GOLD,22 Ct,0,360
420L1,420,,DEFAULT,PE-C(10.96)N(14.966)-15456A1,DIAMOND,18 Ct/85,0,1
421L1,421,,DEFAULT,PENDANT  S-C(18.36)N(20.448)-15457A1,DIAMOND,18 Ct/85,0,1
422L1,422,,DEFAULT,PE-C(12.65)N(16.19)-15458A1,DIAMOND,18 Ct/85,0,1
423L1,423,,DEFAULT,PENDANT  S-C(37.65)N(20.57)-15459A1,DIAMOND,18 Ct/85,0,1
424L1,424,,DEFAULT,PE-C(7.47)N(17.136)-15460A1,DIAMOND,18 Ct/85,0,1
425L1,425,,DEFAULT,PENDANT  S-C(27.5)N(13.61)-15469A1,DIAMOND,14CT/100,0,1
426L1,426,,DEFAULT,PE-C(25.02)N(18.946)-15470A1,DIAMOND,14CT/100,0,1
427L1,427,,DEFAULT,PENDANT  S-C(0.33)N(3.404)-15492A1,DIAMOND,18 Ct/85,0,1
428L1,428,,DEFAULT,PE-C(0.42)N(5.546)-15493A1,DIAMOND,18 Ct/85,0,1
429L1,429,,DEFAULT,PENDANT  S-C(0.27)N(2.666)-15494A1,DIAMOND,18 Ct/85,0,1
42L1,42,HC,DEFAULT,107-5,GOLD,22 Ct,0,36
430L1,430,,DEFAULT,PE-C(0.18)N(2.984)-15495A1,DIAMOND,18 Ct/85,0,1
431L1,431,,DEFAULT,BG-C(1.61)N(12.988)-15602A1,DIAMOND,18 Ct/85,0,1
432L1,432,,DEFAULT,BG-C(1.62)N(13.466)-15603A1,DIAMOND,18 Ct/85,0,1
433L1,433,,DEFAULT,PENDANT  S-C(2.09)N(3.052)-15605A1,DIAMOND,18 Ct/85,0,1
434L1,434,,DEFAULT,PE-C(1.22)N(3.956)-15606A1,DIAMOND,18 Ct/85,0,1
435L1,435,,DEFAULT,ER-C(0.35)N(2.99)-15613A1,DIAMOND,18 Ct/85,0,1
436L1,436,,DEFAULT,RG1-C(0)N(5.234)-15627A1,DIAMOND,18 Ct/85,0,1
437L1,437,,DEFAULT,RL1-C(1.04)N(4.602)-15628A1,DIAMOND,18 Ct/85,0,1
438L1,438,,DEFAULT,NP-C(0)N(1.09)-15658A1,DIAMOND,18 Ct/85,0,1
439L1,439,,DEFAULT,ER-C(6.57)N(6.936)-15755A1,DIAMOND,18 Ct/85,0,1
43L10,43,PENDENT SET,DEFAULT,711-5,GOLD,22 Ct,0,11
440L1,440,,DEFAULT,RL1-C(0.06)N(1.338)-15788A1,DIAMOND,18 Ct/85,0,1
441L1,441,,DEFAULT,TM-C(0.78)N(4.994)-15790A1,DIAMOND,18 Ct/85,0,1
442L1,442,,DEFAULT,TM-C(1.16)N(6.028)-15847A1,DIAMOND,18 Ct/85,0,1
443L1,443,,DEFAULT,RL1-C(0.16)N(3.808)-15953A1,DIAMOND,18 Ct/85,0,1
444L1,444,,DEFAULT,FR-C(0)N(5.01)-14972A1,DIAMOND,18 Ct/85,0,1
445L1,445,,DEFAULT,FR-C(0)N(16.55)-14974A1,DIAMOND,18 Ct/85,0,1
446L1,446,,DEFAULT,FR-C(0)N(20.52)-14976A1,DIAMOND,18 Ct/85,0,1
447L1,447,RINGA,DEFAULT,158-5,GOLD,22 Ct,0,85
448L1,448,.PAYAL SADI-2,DEFAULT,579-10,SILVER,SILVER,0,153
449L1,449,.BRACELATE FANCY SILVER-1,DEFAULT,594-10,SILVER,SILVER,0,115
44L1,44,FLEXIBLE KADA,DEFAULT,99-5,GOLD,22 Ct,0,16
450L1,450,TENDULKAR BRACELATE,DEFAULT,571-10,SILVER,SILVER,0,79
451L1,451,.KADA SARDAR SILVER-2,DEFAULT,577-10,SILVER,SILVER,0,4
452L1,452,.CHAIN FANCY SILVER-1,DEFAULT,583-10,SILVER,SILVER,0,313
453L1,453,.CHIPLYA SILVER-2 [100],DEFAULT,703-10,SILVER,SILVER,0,31
454L10,454,.RINGA/ZUMKE [200],DEFAULT,718-10,SILVER,SILVER,0,10
455L1,455,BY KADA BABY 2,DEFAULT,68-5,GOLD,22 Ct,0,31
455L11,455,BY KADA BABY 2,1.13INCH,68-5,GOLD,22 Ct,0,1
455L12,455,BY KADA BABY 2,1.9INCH,68-5,GOLD,22 Ct,0,1
456L1,456,PATLI MACHINE 2,DEFAULT,77-5,GOLD,22 Ct,0,9
456L10,456,PATLI MACHINE 2,2.6INCH,77-5,GOLD,22 Ct,0,22
457L10,457,KANSAKALI PURE,DEFAULT,150-5,GOLD,22 Ct,0,32
458L1,458,BANGLE FANCY 2,DEFAULT,51-5,GOLD,22 Ct,0,20
459L1,459,BANGLE MACHINE 2,DEFAULT,75-5,GOLD,22 Ct,0,14
459L102,459,BANGLE MACHINE 2,2.7INCH,75-5,GOLD,22 Ct,0,12
45L1,45,LAXMI HAR,DEFAULT,100-5,GOLD,22 Ct,0,13
460L1,460,PATLI FANCY 2,DEFAULT,60-5,GOLD,22 Ct,0,5
461L1,461,HYDERABADI PAYAL,DEFAULT,578-10,SILVER,SILVER,0,931
461L180,461,HYDERABADI PAYAL,DEFAULT,578-10,SILVER,SILVER,1,1
462L2,462,PENDANT SET 3,DEFAULT,35-5,GOLD,22 Ct,0,5
463L1,463,SET LONG 3,DEFAULT,44-5,GOLD,22 Ct,0,10
464L1,464,BANGLE KANAS 2,DEFAULT,54-5,GOLD,22 Ct,0,13
464L2,464,BANGLE KANAS 2,2.6INCH,54-5,GOLD,22 Ct,0,12
464L24,464,BANGLE KANAS 2,2.4INCH,54-5,GOLD,22 Ct,0,5
466L1,466,PLAIN TAAR,DEFAULT,672-7,GOLD,18 Ct,0,75
467L1,467,STONE FIRKI,DEFAULT,668-7,GOLD,18 Ct,0,9
468L1,468,STONE TAAR,DEFAULT,669-7,GOLD,18 Ct,0,15
469L1,469,PLAIN FIRKI,DEFAULT,666-7,GOLD,18 Ct,0,1
46L1,46,RANI HAR,DEFAULT,2026-08-05 00:00:00,GOLD,22 Ct,0,135
470L4,470,SET ANTIC 3,DEFAULT,34-5,GOLD,22 Ct,0,6
471L10,471,TENDULKAR CHAIN,DEFAULT,528-10,SILVER,SILVER,0,43
474L2,474,PATLI KANAS 2,DEFAULT,63-6,GOLD,22 Ct,0,8
475L3,475,THUSHI,DEFAULT,181-5,GOLD,22 Ct,0,4
476L1,476,,DEFAULT,NP-C(0.03)N(0.424)-1183R1,DIAMOND,18 Ct/85,0,1
477L1,477,,DEFAULT,NP-C(0.03)N(0.424)-1188R1,DIAMOND,18 Ct/85,0,1
478L1,478,,DEFAULT,NP-C(0.02)N(0.506)-1191R1,DIAMOND,18 Ct/85,0,1
479L1,479,,DEFAULT,NP-C(0)N(1.14)-1195R1,DIAMOND,18 Ct/85,0,1
47L1,47,BRACELET LADIES,DEFAULT,45-5,GOLD,22 Ct,0,25
47L18,47,BRACELET LADIES,7.5INCH,45-5,GOLD,22 Ct,0,2
47L2,47,BRACELET LADIES,6.5INCH,45-5,GOLD,22 Ct,0,2
47L23,47,BRACELET LADIES,7INCH,45-5,GOLD,22 Ct,0,4
480L1,480,,DEFAULT,NP-C(0.07)N(1.046)-1196R1,DIAMOND,18 Ct/85,0,1
481L1,481,,DEFAULT,NP-C(0.28)N(2.064)-1197R1,DIAMOND,18 Ct/85,0,1
482L1,482,,DEFAULT,RG1-C(0.1)N(0.85)-1394R1,DIAMOND,18 Ct/85,0,1
483L1,483,,DEFAULT,RG1-C(0.13)N(2.074)-1396R1,DIAMOND,18 Ct/85,0,1
484L1,484,,DEFAULT,RG1-C(0.28)N(4.414)-1425R1,DIAMOND,18 Ct/85,0,1
485L1,485,,DEFAULT,RG1-C(0.26)N(4.408)-1426R1,DIAMOND,18 Ct/85,0,1
486L1,486,,DEFAULT,RG1-C(0.55)N(4.86)-1443R1,DIAMOND,18 Ct/85,0,1
487L1,487,,DEFAULT,RG1-C(0.31)N(5.308)-1450R1,DIAMOND,18 Ct/85,0,1
488L1,488,,DEFAULT,RG1-C(0.34)N(5.502)-1452R1,DIAMOND,18 Ct/85,0,1
489L1,489,,DEFAULT,RL1-C(0.26)N(4.788)-1497R1,DIAMOND,18 Ct/85,0,1
48L1,48,BINDI,DEFAULT,104-5,GOLD,22 Ct,0,16
490L1,490,,DEFAULT,RL1-C(0.49)N(3.032)-1499R1,DIAMOND,18 Ct/85,0,1
491L1,491,,DEFAULT,RL1-C(0.04)N(1.682)-1548R1,DIAMOND,18 Ct/85,0,1
492L1,492,,DEFAULT,RL1-C(0.07)N(1.016)-1551R1,DIAMOND,18 Ct/85,0,1
493L1,493,,DEFAULT,ER-C(0.96)N(3.078)-1641R1,DIAMOND,18 Ct/85,0,1
494L1,494,,DEFAULT,ER-C(0.22)N(1.776)-1653R1,DIAMOND,18 Ct/85,0,1
495L1,495,,DEFAULT,ER-C(0.2)N(2.09)-1654R1,DIAMOND,18 Ct/85,0,1
496L1,496,,DEFAULT,ER-C(1.01)N(4.678)-1660R1,DIAMOND,18 Ct/85,0,1
497L1,497,,DEFAULT,ER-C(0.13)N(3.924)-1670R1,DIAMOND,18 Ct/85,0,1
498L1,498,,DEFAULT,ER-C(1.09)N(4.912)-1676R1,DIAMOND,18 Ct/85,0,1
499L1,499,,DEFAULT,ER-C(0.24)N(2.122)-1682R1,DIAMOND,18 Ct/85,0,1
49L1,49,BAJUBAND,DEFAULT,103-5,GOLD,22 Ct,0,4
4L11,4,BANGLE FANCY 4,DEFAULT,48-5,GOLD,22 Ct,0,10
4L9,4,BANGLE FANCY 4,2.5INCH,48-5,GOLD,22 Ct,0,1
500L1,500,,DEFAULT,ER-C(0.33)N(2.594)-1694R1,DIAMOND,18 Ct/85,0,1
501L1,501,,DEFAULT,ER-C(0.66)N(2.578)-1705R1,DIAMOND,18 Ct/85,0,1
502L1,502,,DEFAULT,ER-C(0.58)N(3.434)-1707R1,DIAMOND,18 Ct/85,0,1
503L1,503,,DEFAULT,ER-C(0.37)N(2.456)-1708R1,DIAMOND,18 Ct/85,0,1
504L1,504,,DEFAULT,ER-C(0.17)N(1.716)-1709R1,DIAMOND,18 Ct/85,0,1
505L1,505,,DEFAULT,ER-C(0.26)N(2.338)-1711R1,DIAMOND,18 Ct/85,0,1
506L1,506,,DEFAULT,ER-C(0.44)N(2.832)-1716R1,DIAMOND,18 Ct/85,0,1
507L1,507,,DEFAULT,ER-C(0.31)N(2.058)-1717R1,DIAMOND,18 Ct/85,0,1
508L1,508,,DEFAULT,ER-C(0.34)N(3.022)-1721R1,DIAMOND,18 Ct/85,0,1
509L1,509,,DEFAULT,ER-C(0.22)N(3.226)-1723R1,DIAMOND,18 Ct/85,0,1
50L1,50,CHAIN MACHINE,DEFAULT,132-5,GOLD,22 Ct,0,303
50L177,50,CHAIN MACHINE,18INCH,132-5,GOLD,22 Ct,0,16
50L208,50,CHAIN MACHINE,24INCH,132-5,GOLD,22 Ct,0,3
50L21,50,CHAIN MACHINE,20INCH,132-5,GOLD,22 Ct,0,2
50L232,50,CHAIN MACHINE,16INCH,132-5,GOLD,22 Ct,0,19
50L238,50,CHAIN MACHINE,22INCH,132-5,GOLD,22 Ct,0,1
510L1,510,,DEFAULT,ER-C(0.47)N(3.026)-1725R1,DIAMOND,18 Ct/85,0,1
511L1,511,,DEFAULT,ER-C(0.61)N(5.028)-1728R1,DIAMOND,18 Ct/85,0,1
512L1,512,,DEFAULT,ER-C(0.42)N(2.046)-1730R1,DIAMOND,18 Ct/85,0,1
513L1,513,,DEFAULT,ER-C(0.36)N(2.748)-1733R1,DIAMOND,18 Ct/85,0,1
514L1,514,,DEFAULT,ER-C(0.38)N(3.134)-1735R1,DIAMOND,18 Ct/85,0,1
515L1,515,,DEFAULT,ER-C(0.22)N(2.386)-1737R1,DIAMOND,18 Ct/85,0,1
516L1,516,,DEFAULT,ER-C(0.47)N(2.386)-1738R1,DIAMOND,18 Ct/85,0,1
517L1,517,,DEFAULT,ER-C(0.4)N(1.93)-1741R1,DIAMOND,18 Ct/85,0,1
518L1,518,,DEFAULT,ER-C(0.5)N(3.02)-1742R1,DIAMOND,18 Ct/85,0,1
519L1,519,,DEFAULT,ER-C(0.22)N(3.196)-1752R1,DIAMOND,18 Ct/85,0,1
51L100,51,ANGUTHI LADIES,DEFAULT,131-5,GOLD,22 Ct,0,348
51L13,51,ANGUTHI LADIES,15NO,131-5,GOLD,22 Ct,0,10
51L14,51,ANGUTHI LADIES,11NO,131-5,GOLD,22 Ct,0,8
51L262,51,ANGUTHI LADIES,6NO,131-5,GOLD,22 Ct,0,2
51L280,51,ANGUTHI LADIES,10NO,131-5,GOLD,22 Ct,0,4
51L282,51,ANGUTHI LADIES,9NO,131-5,GOLD,22 Ct,0,33
51L302,51,ANGUTHI LADIES,14NO,131-5,GOLD,22 Ct,0,8
51L330,51,ANGUTHI LADIES,3NO,131-5,GOLD,22 Ct,0,1
51L348,51,ANGUTHI LADIES,7NO,131-5,GOLD,22 Ct,0,2
51L353,51,ANGUTHI LADIES,8NO,131-5,GOLD,22 Ct,0,1
51L356,51,ANGUTHI LADIES,12NO,131-5,GOLD,22 Ct,0,8
51L384,51,ANGUTHI LADIES,4NO,131-5,GOLD,22 Ct,0,1
51L428,51,ANGUTHI LADIES,13NO,131-5,GOLD,22 Ct,0,6
51L443,51,ANGUTHI LADIES,16NO,131-5,GOLD,22 Ct,0,1
51L448,51,ANGUTHI LADIES,17NO,131-5,GOLD,22 Ct,0,6
51L449,51,ANGUTHI LADIES,20NO,131-5,GOLD,22 Ct,0,1
520L1,520,,DEFAULT,ER-C(0.61)N(1.808)-1757R1,DIAMOND,18 Ct/85,0,1
521L1,521,,DEFAULT,ER-C(0.19)N(3.212)-1759R1,DIAMOND,18 Ct/85,0,1
522L1,522,,DEFAULT,ER-C(0.12)N(2.346)-1769R1,DIAMOND,18 Ct/85,0,1
523L1,523,,DEFAULT,ER-C(0.46)N(3.808)-1775R1,DIAMOND,18 Ct/85,0,1
524L1,524,,DEFAULT,ER-C(0.14)N(1.712)-1776R1,DIAMOND,18 Ct/85,0,1
525L1,525,,DEFAULT,ER-C(0.15)N(2.74)-1796R1,DIAMOND,18 Ct/85,0,1
526L1,526,,DEFAULT,ER-C(0.26)N(2.438)-1804R1,DIAMOND,18 Ct/85,0,1
527L1,527,,DEFAULT,ER-C(0.16)N(2.735)-1807R1,DIAMOND,18 Ct/85,0,1
528L1,528,,DEFAULT,ER-C(0.28)N(2.024)-1810R1,DIAMOND,18 Ct/85,0,1
529L1,529,,DEFAULT,ER-C(0.24)N(2.052)-1814R1,DIAMOND,18 Ct/85,0,1
52L1,52,CHAIN PADAK,DEFAULT,712-5,GOLD,22 Ct,0,1799
530L1,530,,DEFAULT,ER-C(0.24)N(2.092)-1815R1,DIAMOND,18 Ct/85,0,1
531L1,531,,DEFAULT,ER-C(0.13)N(2.274)-1818R1,DIAMOND,18 Ct/85,0,1
532L1,532,,DEFAULT,ER-C(0.55)N(3.14)-1820R1,DIAMOND,18 Ct/85,0,1
533L1,533,,DEFAULT,ER-C(0.49)N(2.422)-1821R1,DIAMOND,18 Ct/85,0,1
534L1,534,,DEFAULT,ER-C(0.67)N(5.986)-1829R1,DIAMOND,18 Ct/85,0,1
535L1,535,,DEFAULT,ER-C(0.49)N(3.452)-3254R1,DIAMOND,18 Ct/85,0,1
536L1,536,,DEFAULT,RL1-C(0.1)N(2.06)-3797R1,DIAMOND,18 Ct/85,0,1
537L1,537,,DEFAULT,RL1-C(0.39)N(2.442)-4356R1,DIAMOND,18 Ct/85,0,1
538L1,538,,DEFAULT,NP-C(0.04)N(0.322)-4366R1,DIAMOND,18 Ct/85,0,1
539L1,539,,DEFAULT,ER-C(0.19)N(1.032)-5016R1,DIAMOND,18 Ct/85,0,1
53L1,53,CHAIN RASSHI,DEFAULT,140-5,GOLD,22 Ct,0,7
540L1,540,,DEFAULT,ER-C(0.19)N(1.552)-5017R1,DIAMOND,18 Ct/85,0,1
541L1,541,,DEFAULT,ER-C(13.84)N(6.652)-5031R1,DIAMOND,18 Ct/85,0,1
542L1,542,,DEFAULT,RG1-C(0.12)N(6.956)-5050R1,DIAMOND,18 Ct/85,0,1
543L1,543,,DEFAULT,ER-C(0.32)N(2.986)-5163R1,DIAMOND,18 Ct/85,0,1
544L1,544,,DEFAULT,RL1-C(0.12)N(2.186)-5766R1,DIAMOND,18 Ct/85,0,1
545L1,545,,DEFAULT,RG1-C(0.23)N(4.934)-5860R1,DIAMOND,18 Ct/85,0,1
546L1,546,,DEFAULT,ER-C(0.21)N(1.798)-608R1,DIAMOND,18 Ct/85,0,1
547L1,547,,DEFAULT,ER-C(0.21)N(2.468)-632R1,DIAMOND,18 Ct/85,0,1
548L1,548,,DEFAULT,RL1-C(0.46)N(2.578)-6353R1,DIAMOND,18 Ct/85,0,1
549L1,549,,DEFAULT,ER-C(0.75)N(2.92)-6401R1,DIAMOND,18 Ct/85,0,1
54L10,54,ANGUTHI GENTS,21NO,130-5,GOLD,22 Ct,0,60
54L100,54,ANGUTHI GENTS,DEFAULT,130-5,GOLD,22 Ct,0,423
54L1001,54,ANGUTHI GENTS,22NO,130-5,GOLD,22 Ct,0,68
54L1007,54,ANGUTHI GENTS,23NO,130-5,GOLD,22 Ct,0,36
54L1010,54,ANGUTHI GENTS,19NO,130-5,GOLD,22 Ct,0,30
54L1012,54,ANGUTHI GENTS,20NO,130-5,GOLD,22 Ct,0,67
54L1026,54,ANGUTHI GENTS,24NO,130-5,GOLD,22 Ct,0,18
54L1038,54,ANGUTHI GENTS,25NO,130-5,GOLD,22 Ct,0,5
54L1202,54,ANGUTHI GENTS,12NO,130-5,GOLD,22 Ct,0,3
54L1309,54,ANGUTHI GENTS,27NO,130-5,GOLD,22 Ct,0,2
54L18,54,ANGUTHI GENTS,18NO,130-5,GOLD,22 Ct,0,4
54L349,54,ANGUTHI GENTS,26NO,130-5,GOLD,22 Ct,0,2
54L425,54,ANGUTHI GENTS,15NO,130-5,GOLD,22 Ct,0,1
54L426,54,ANGUTHI GENTS,17NO,130-5,GOLD,22 Ct,0,4
550L1,550,,DEFAULT,RG1-C(0.65)N(6.75)-6414R1,DIAMOND,18 Ct/85,0,1
551L1,551,,DEFAULT,RG1-C(0.63)N(7.194)-6416R1,DIAMOND,18 Ct/85,0,1
552L1,552,,DEFAULT,RG1-C(0.55)N(5.94)-6533R1,DIAMOND,18 Ct/85,0,1
553L1,553,,DEFAULT,RG1-C(0.98)N(7.464)-6544R1,DIAMOND,18 Ct/85,0,1
554L1,554,,DEFAULT,ER-C(0.25)N(1.67)-6623R1,DIAMOND,18 Ct/85,0,1
555L1,555,,DEFAULT,RL1-C(0.52)N(2.246)-6634R1,DIAMOND,18 Ct/85,0,1
556L1,556,,DEFAULT,ER-C(0.32)N(2.346)-6746R1,DIAMOND,18 Ct/85,0,1
557L1,557,,DEFAULT,ER-C(0.16)N(2.048)-6748R1,DIAMOND,18 Ct/85,0,1
558L1,558,,DEFAULT,ER-C(0.53)N(3.754)-6749R1,DIAMOND,18 Ct/85,0,1
559L1,559,,DEFAULT,RG1-C(0.74)N(6.322)-6751R1,DIAMOND,18 Ct/85,0,1
55L10,55,FANCY CHAIN,DEFAULT,138-5,GOLD,22 Ct,0,10
560L1,560,,DEFAULT,ER-C(0.57)N(3.646)-7016R1,DIAMOND,18 Ct/85,0,1
561L1,561,,DEFAULT,ER-C(0.28)N(2.294)-7017R1,DIAMOND,18 Ct/85,0,1
562L1,562,,DEFAULT,NP-C(0.04)N(0.422)-7089R1,DIAMOND,18 Ct/85,0,1
563L1,563,,DEFAULT,ER-C(0.76)N(2.678)-7090R1,DIAMOND,18 Ct/85,0,1
564L1,564,,DEFAULT,NP-C(0.09)N(0.222)-7334R1,DIAMOND,18 Ct/85,0,1
565L1,565,,DEFAULT,ER-C(0.24)N(1.722)-7375R1,DIAMOND,18 Ct/85,0,1
566L1,566,,DEFAULT,RL1-C(0.53)N(3.114)-7869R1,DIAMOND,18 Ct/85,0,1
567L1,567,,DEFAULT,ER-C(1.15)N(6.93)-7878R1,DIAMOND,18 Ct/85,0,1
568L1,568,,DEFAULT,RL1-C(0)N(3.854)-7937R1,DIAMOND,18 Ct/85,0,1
569L1,569,,DEFAULT,RL1-C(0.6)N(2.73)-7939R1,DIAMOND,18 Ct/85,0,1
56L11,56,CHAIN HOLO,DEFAULT,141-5,GOLD,22 Ct,0,23
56L24,56,CHAIN HOLO,22INCH,141-5,GOLD,22 Ct,0,3
56L31,56,CHAIN HOLO,20INCH,141-5,GOLD,22 Ct,0,1
570L1,570,,DEFAULT,ER-C(0.66)N(2.228)-7943R1,DIAMOND,18 Ct/85,0,1
571L1,571,,DEFAULT,ER-C(1.07)N(8.126)-7945R1,DIAMOND,18 Ct/85,0,1
572L1,572,,DEFAULT,NP-C(0.19)N(0.379)-8297R1,DIAMOND,18 Ct/85,0,1
573L1,573,,DEFAULT,NP-C(0.09)N(0.352)-8373R1,DIAMOND,18 Ct/85,0,1
574L1,574,,DEFAULT,NP-C(0.09)N(0.332)-8374R1,DIAMOND,18 Ct/85,0,1
575L1,575,,DEFAULT,NP-C(0.073)N(0.305)-8411R1,DIAMOND,18 Ct/85,0,1
576L1,576,,DEFAULT,NP-C(0.1)N(0.266)-8425R1,DIAMOND,18 Ct/85,0,1
577L1,577,,DEFAULT,NP-C(0.116)N(0.297)-8428R1,DIAMOND,18 Ct/85,0,1
578L1,578,,DEFAULT,RG1-C(0.42)N(5.436)-914R1,DIAMOND,18 Ct/85,0,1
579L1,579,,DEFAULT,RG1-C(0)N(5.18)-931R1,DIAMOND,18 Ct/85,0,1
57L3,57,CHAIN HANDMADE,DEFAULT,265-5,GOLD,22 Ct,0,5
580L1,580,,DEFAULT,RG1-C(0)N(4.89)-932R1,DIAMOND,18 Ct/85,0,1
581L1,581,BANGLE FANCY 4,2.3INCH,48-5,GOLD,22 Ct,0,1
582L10,582,FANCY KANGAN 2,DEFAULT,243-5,GOLD,22 Ct,0,11
582L16,582,FANCY KANGAN 2,2.4INCH,243-5,GOLD,22 Ct,0,6
582L17,582,FANCY KANGAN 2,2.6INCH,243-5,GOLD,22 Ct,0,17
582L51,582,FANCY KANGAN 2,2.7INCH,243-5,GOLD,22 Ct,0,3
583L1,583,CHAIN HOLO,2.8INCH,141-5,GOLD,22 Ct,0,7
584L2,584,CHAIN HOLO,24INCH,141-5,GOLD,22 Ct,0,1
585L1,585,,DEFAULT,STN3,BY PCS,,1,1
586L1,586,,DEFAULT,PNR 0,BY PCS,,1,1
587L1,587,,DEFAULT,CHN0,BY PCS,,1,1
588L1,588,,DEFAULT,PNR1,BY PCS,,1,1
589L1,589,ATTHA BRACELATE,DEFAULT,742-10,SILVER,SILVER,0,171
58L1,58,TOPS LATKAN,DEFAULT,153-5,GOLD,22 Ct,0,1638
590L1,590,,DEFAULT,RL1-C(0.23)N(2.114)-KB,DIAMOND,18 Ct/85,0,1
591L1,591,TODA GAHU 2,DEFAULT,57-5,GOLD,22 Ct,0,1
592L1,592,,DEFAULT,RL1-C(0.17)N(2.496)-KB,DIAMOND,18 Ct/85,0,1
593L1,593,,DEFAULT,RG1-C(0.2)N(6.32)-KB,DIAMOND,18 Ct/85,0,1
594L1,594,.KADA-1,DEFAULT,657-10,SILVER,SILVER,0,1
595L1,595,,DEFAULT,RG1-C(0.5)N(4.29)-KB,DIAMOND,18 Ct/85,0,1
596L1,596,,DEFAULT,TM-C(4.9)N(29.35)-KB,DIAMOND,18 Ct/85,0,1
597L1,597,BANGLE KANAS 2,DEFAULT,54-6,GOLD,22 Ct,0,10
598L1,598,PATLI KANAS 1,DEFAULT,256-6,GOLD,22 Ct,0,4
599L1,599,,DEFAULT,TM-C(1.17)N(6.136)-RP,DIAMOND,18 Ct/85,0,1
59L1,59,FANCY RINGA,DEFAULT,154-5,GOLD,22 Ct,0,559
5L1,5,CHAIN MACHINE,2.6INCH,132-5,GOLD,22 Ct,0,70
5L35,5,CHAIN MACHINE,18INCH,132-5,GOLD,22 Ct,0,7
5L62,5,CHAIN MACHINE,20INCH,132-5,GOLD,22 Ct,0,5
600L1,600,.ANGUTHI SILVER-1 [400],DEFAULT,569-10,SILVER,SILVER,0,51
601L1,601,.PENDENT SILVER-1 [200],DEFAULT,683-10,SILVER,SILVER,0,77
602L1,602,FANCY TODA  2,2.3INCH,58-5,GOLD,22 Ct,0,3
603L1,603,.ANGUTHI SILVER-1 [250],DEFAULT,567-10,SILVER,SILVER,0,36
604L1,604,,DEFAULT,DIAMOND-111906,DIAMOND,,0,1
605L1,605,,DEFAULT,RL1-C(0.16)N(2.418)-KB,DIAMOND,18 Ct/85,0,1
606L1,606,,DEFAULT,RG1-C(0.15)N(5.5)-RP,DIAMOND,18 Ct/85,0,1
607L1,607,,DEFAULT,NP-C(0.05)N(0.29)-KB,DIAMOND,18 Ct/85,0,1
608L1,608,,DEFAULT,RL1-C(0.39)N(3.282)-RP,DIAMOND,18 Ct/85,0,1
609L1,609,,DEFAULT,TM-C(0.23)N(1.894)-KB,DIAMOND,18 Ct/85,0,1
60L1,60,RINGA U SHAPE,DEFAULT,155-5,GOLD,22 Ct,0,1642
610L1,610,,DEFAULT,IT. CHAIN-C(0)N(1.68)-1028R1,DIAMOND,14CT/68,0,1
611L1,611,,DEFAULT,IT. CHAIN-C(0)N(1.36)-1029R1,DIAMOND,14CT/68,0,1
612L1,612,,DEFAULT,IT. CHAIN-C(0)N(1.37)-1031R1,DIAMOND,14CT/68,0,1
613L1,613,,DEFAULT,BRG-C(3.89)N(26.422)-1281R1,DIAMOND,18 Ct/85,0,1
614L1,614,,DEFAULT,BRG-C(2.3)N(20.14)-1286R1,DIAMOND,18 Ct/85,0,1
615L1,615,,DEFAULT,PESET-C(0.28)N(1.064)-1326R1,DIAMOND,18 Ct/85,0,1
616L1,616,,DEFAULT,PESET-C(0.65)N(4.27)-1328R1,DIAMOND,18 Ct/85,0,1
617L1,617,,DEFAULT,TM-C(1.11)N(5.548)-132R1,DIAMOND,18 Ct/85,0,1
618L1,618,,DEFAULT,PESET-C(0.43)N(3.054)-1330R1,DIAMOND,18 Ct/85,0,1
619L1,619,,DEFAULT,PESET-C(0.16)N(1.788)-1346R1,DIAMOND,18 Ct/85,0,1
61L1,61,TOPS PLAIN,DEFAULT,152-5,GOLD,22 Ct,0,649
620L1,620,,DEFAULT,PESET-C(0.19)N(1.202)-1348R1,DIAMOND,18 Ct/85,0,1
621L1,621,,DEFAULT,TM-C(0.94)N(4.312)-1370R1,DIAMOND,18 Ct/85,0,1
622L1,622,,DEFAULT,NS-C(8.91)N(42.868)-1565R1,DIAMOND,18 Ct/85,0,1
623L1,623,,DEFAULT,NS-C(2.35)N(20.7)-1569R1,DIAMOND,18 Ct/85,0,1
624L1,624,,DEFAULT,CH-C(0)N(8.67)-1597R1,DIAMOND,18 Ct/76,0,1
625L1,625,,DEFAULT,CH-C(0)N(9.12)-1601R1,DIAMOND,18 Ct/76,0,1
626L1,626,,DEFAULT,NE-C(1.29)N(6.382)-1629R1,DIAMOND,18 Ct/85,0,1
627L1,627,,DEFAULT,ER-C(0)N(2.19)-1744R1,DIAMOND,18 Ct/85,0,1
628L1,628,,DEFAULT,ER-C(1.04)N(8.872)-1746R1,DIAMOND,18 Ct/85,0,1
629L1,629,,DEFAULT,TM-C(1.05)N(4.05)-175R1,DIAMOND,18 Ct/85,0,1
62L1,62,ZUMKA,DEFAULT,156-5,GOLD,22 Ct,0,1232
630L1,630,,DEFAULT,PENDANTL-C(0.19)N(1.622)-1835R1,DIAMOND,18 Ct/85,0,1
631L1,631,,DEFAULT,PENDANTL-C(0.29)N(1.202)-1843R1,DIAMOND,18 Ct/85,0,1
632L1,632,,DEFAULT,PENDANTL-C(0.26)N(1.548)-1844R1,DIAMOND,18 Ct/85,0,1
633L1,633,,DEFAULT,PENDANTL-C(0.08)N(1.884)-1850R1,DIAMOND,18 Ct/85,0,1
634L1,634,,DEFAULT,PENDANTL-C(0.25)N(1.23)-1855R1,DIAMOND,18 Ct/85,0,1
635L1,635,,DEFAULT,PENDANTL-C(0.14)N(1.252)-1873R1,DIAMOND,18 Ct/85,0,1
636L1,636,,DEFAULT,PENDANTL-C(0.11)N(4.178)-1884R1,DIAMOND,18 Ct/85,0,1
637L1,637,,DEFAULT,PENDANTL-C(0.52)N(3.356)-1887R1,DIAMOND,18 Ct/85,0,1
638L1,638,,DEFAULT,PENDANTL-C(0.06)N(1.798)-1902R1,DIAMOND,18 Ct/85,0,1
639L1,639,,DEFAULT,PE-C(0.5)N(2.58)-1929R1,DIAMOND,18 Ct/85,0,1
63L1,63,SINGAPORE TOPS,DEFAULT,246-5,GOLD,22 Ct,0,870
640L1,640,,DEFAULT,PE-C(0.5)N(3.95)-1932R1,DIAMOND,18 Ct/85,0,1
641L1,641,,DEFAULT,PE-C(0.49)N(3.742)-1934R1,DIAMOND,18 Ct/85,0,1
642L1,642,,DEFAULT,PE-C(0.2)N(3.18)-1948R1,DIAMOND,18 Ct/85,0,1
643L1,643,,DEFAULT,PE-C(0.2)N(1.77)-1950R1,DIAMOND,18 Ct/85,0,1
644L1,644,,DEFAULT,PDG-C(0)N(8.96)-2102R1,DIAMOND,14CT/68,0,1
645L1,645,,DEFAULT,PE-C(0.21)N(2.228)-2151R1,DIAMOND,18 Ct/85,0,1
646L1,646,,DEFAULT,PE-C(0.18)N(2.454)-2154R1,DIAMOND,18 Ct/85,0,1
647L1,647,,DEFAULT,PENDANT  S-C(0.2)N(1.45)-2158R1,DIAMOND,18 Ct/85,0,1
648L1,648,,DEFAULT,PENDANT  S-C(0.17)N(1.166)-2161R1,DIAMOND,18 Ct/85,0,1
649L1,649,,DEFAULT,TM-C(1)N(3.91)-2283R1,DIAMOND,18 Ct/85,0,1
64L1,64,KAYAMAT CHAIN,DEFAULT,163-5,GOLD,22 Ct,0,357
650L1,650,,DEFAULT,NS-C(1.46)N(10.288)-2286R1,DIAMOND,18 Ct/85,0,1
651L1,651,,DEFAULT,PENDANT  S-C(0.17)N(2.046)-3264R1,DIAMOND,18 Ct/85,0,1
652L1,652,,DEFAULT,PE-C(0.19)N(3.022)-3265R1,DIAMOND,18 Ct/85,0,1
653L1,653,,DEFAULT,PENDANT  S-C(0.14)N(2.672)-3272R1,DIAMOND,18 Ct/85,0,1
654L1,654,,DEFAULT,PE-C(0.1)N(2.97)-3273R1,DIAMOND,18 Ct/85,0,1
655L1,655,,DEFAULT,PENDANT  S-C(0.13)N(1.184)-3274R1,DIAMOND,18 Ct/85,0,1
656L1,656,,DEFAULT,PE-C(0.12)N(2.386)-3275R1,DIAMOND,18 Ct/85,0,1
657L1,657,,DEFAULT,PENDANT  S-C(0.15)N(0.99)-3289R1,DIAMOND,18 Ct/85,0,1
658L1,658,,DEFAULT,PE-C(0.14)N(2.532)-3290R1,DIAMOND,18 Ct/85,0,1
659L1,659,,DEFAULT,PENDANT  S-C(0.14)N(1.312)-3304R1,DIAMOND,18 Ct/85,0,1
65L1,65,MOTIKUDI,DEFAULT,164-5,GOLD,22 Ct,0,1
660L1,660,,DEFAULT,PE-C(0.13)N(2.264)-3305R1,DIAMOND,18 Ct/85,0,1
661L1,661,,DEFAULT,TM-C(1.07)N(3.886)-5039R1,DIAMOND,18 Ct/85,0,1
662L1,662,,DEFAULT,PCT-C(9)N(3.39)-513R1,DIAMOND,18 Ct/85,0,1
663L1,663,,DEFAULT,PCT-C(1.76)N(2.7)-5321R1,DIAMOND,18 Ct/85,0,1
664L1,664,,DEFAULT,PDG-C(0.34)N(2.182)-5762R1,DIAMOND,18 Ct/85,0,1
665L1,665,,DEFAULT,BG-C(3.45)N(22.41)-6339R1,DIAMOND,18 Ct/85,0,1
666L1,666,,DEFAULT,BG-C(3.45)N(21.48)-6340R1,DIAMOND,18 Ct/85,0,1
667L1,667,,DEFAULT,TM-C(1.05)N(6.77)-6534R1,DIAMOND,18 Ct/85,0,1
668L1,668,,DEFAULT,TM-C(1.57)N(5.776)-6538R1,DIAMOND,18 Ct/85,0,1
669L1,669,,DEFAULT,TM-C(1.59)N(5.452)-6539R1,DIAMOND,18 Ct/85,0,1
66L1,66,KANSAKALI,DEFAULT,713-5,GOLD,22 Ct,0,858
670L1,670,,DEFAULT,PDG-C(0.24)N(1.492)-6647R1,DIAMOND,18 Ct/85,0,1
671L1,671,,DEFAULT,NS-C(2.57)N(18.606)-6812R1,DIAMOND,18 Ct/85,0,1
672L1,672,,DEFAULT,NE-C(0.83)N(6.414)-6813R1,DIAMOND,18 Ct/85,0,1
673L1,673,,DEFAULT,PDG-C(0.19)N(1.632)-6818R1,DIAMOND,18 Ct/85,0,1
674L1,674,,DEFAULT,PDG-C(0.1)N(0.76)-6819R1,DIAMOND,18 Ct/85,0,1
675L1,675,,DEFAULT,ER-C(2.26)N(2.948)-6826R1,DIAMOND,18 Ct/85,0,1
676L1,676,,DEFAULT,TM-C(1.1)N(3.944)-7048R1,DIAMOND,18 Ct/85,0,1
677L1,677,,DEFAULT,TM-C(0.96)N(4.549)-7050R1,DIAMOND,18 Ct/85,0,1
678L1,678,,DEFAULT,TM-C(1.4)N(5.584)-7051R1,DIAMOND,18 Ct/85,0,1
679L1,679,,DEFAULT,TM-C(0.76)N(4.051)-7068R1,DIAMOND,18 Ct/85,0,1
67L1,67,.BELA SPRING-2,DEFAULT,435-10,SILVER,SILVER,0,69
680L1,680,,DEFAULT,TM-C(1.25)N(4.098)-7081R1,DIAMOND,18 Ct/85,0,1
681L1,681,,DEFAULT,ER-C(1.53)N(3.824)-7091R1,DIAMOND,18 Ct/85,0,1
682L1,682,,DEFAULT,TM-C(0.72)N(4.476)-7355R1,DIAMOND,18 Ct/85,0,1
683L1,683,,DEFAULT,TM-C(0.88)N(4.544)-7360R1,DIAMOND,18 Ct/85,0,1
684L1,684,,DEFAULT,TM-C(0.33)N(1.494)-7365R1,DIAMOND,18 Ct/85,0,1
685L1,685,,DEFAULT,TM-C(0.78)N(5.164)-7368R1,DIAMOND,18 Ct/85,0,1
686L1,686,,DEFAULT,BG-C(3.83)N(28.144)-7389R1,DIAMOND,18 Ct/85,0,1
687L1,687,,DEFAULT,BG-C(3.83)N(29.054)-7390R1,DIAMOND,18 Ct/85,0,1
688L1,688,,DEFAULT,TM-C(0.85)N(5.34)-7397R1,DIAMOND,18 Ct/85,0,1
689L1,689,,DEFAULT,BG-C(4.08)N(24.084)-7409R1,DIAMOND,18 Ct/85,0,1
68L1,68,KHUSHBU PAYAL,DEFAULT,473-10,SILVER,SILVER,0,2725
690L1,690,,DEFAULT,BG-C(4.15)N(23.66)-7410R1,DIAMOND,18 Ct/85,0,1
691L1,691,,DEFAULT,BG-C(5.17)N(31.266)-7413R1,DIAMOND,18 Ct/85,0,1
692L1,692,,DEFAULT,BG-C(5.22)N(31.286)-7414R1,DIAMOND,18 Ct/85,0,1
693L1,693,,DEFAULT,NS-C(2.76)N(10.548)-7423R1,DIAMOND,18 Ct/85,0,1
694L1,694,,DEFAULT,NE-C(1.52)N(10.616)-7424R1,DIAMOND,18 Ct/85,0,1
695L1,695,,DEFAULT,NS-C(4.07)N(19.586)-7948R1,DIAMOND,18 Ct/85,0,1
696L1,696,,DEFAULT,NE-C(2.16)N(11.288)-7949R1,DIAMOND,18 Ct/85,0,1
697L1,697,.KADA BACCHA-2,DEFAULT,636-10,SILVER,SILVER,0,555
698L1,698,.ANGUTHI SILVER-1 [150],DEFAULT,565-10,SILVER,SILVER,0,312
699L1,699,.VALA BACCHA-2,DEFAULT,639-10,SILVER,SILVER,0,389
69L1,69,PAYAL SADI,DEFAULT,474-10,SILVER,SILVER,0,887
6L1,6,CHAIN MACHINE,2.7INCH,132-5,GOLD,22 Ct,0,59
6L33,6,CHAIN MACHINE,18INCH,132-5,GOLD,22 Ct,0,5
6L43,6,CHAIN MACHINE,20INCH,132-5,GOLD,22 Ct,0,6
700L1,700,RUDRAKSHYA MAL,DEFAULT,160-5,GOLD,22 Ct,0,4
701L1,701,,DEFAULT,RL1-C(1)N(5.6)-2378R1,DIAMOND,18 Ct/85,1,1
702L1,702,,DEFAULT,RL1-C(1.16)N(9.918)-2379R1,DIAMOND,18 Ct/85,1,1
703L1,703,,DEFAULT,PESET-C(0.71)N(3.718)-1334R1,DIAMOND,18 Ct/85,0,1
704L1,704,,DEFAULT,PESET-C(0.73)N(3.274)-1337R1,DIAMOND,18 Ct/85,0,1
705L1,705,,DEFAULT,PENDANTL-C(0.62)N(2.516)-1858R1,DIAMOND,18 Ct/85,0,1
706L1,706,,DEFAULT,PENDANTL-C(0.41)N(2.268)-1875R1,DIAMOND,18 Ct/85,0,1
707L1,707,,DEFAULT,PE-C(1.01)N(5.698)-1938R1,DIAMOND,18 Ct/85,0,1
708L1,708,,DEFAULT,PE-C(0.67)N(3.736)-1941R1,DIAMOND,18 Ct/85,0,1
709L1,709,,DEFAULT,RL1-C(0.11)N(1.178)-2291R1,DIAMOND,18 Ct/85,0,1
70L10,70,AKDA STONE,DEFAULT,449-10,SILVER,SILVER,0,117
710L1,710,,DEFAULT,BG-C(2.51)N(11.028)-2339R1,DIAMOND,18 Ct/85,0,1
711L1,711,,DEFAULT,BG-C(2.5)N(10.9)-2340R1,DIAMOND,18 Ct/85,0,1
712L1,712,,DEFAULT,BRACLETL-C(0.65)N(9.07)-2365R1,DIAMOND,18 Ct/85,0,1
713L1,713,,DEFAULT,RL1-C(1.47)N(8.916)-2377R1,DIAMOND,18 Ct/85,0,1
714L1,714,,DEFAULT,RL1-C(1.13)N(8.594)-2397R1,DIAMOND,18 Ct/85,0,1
715L1,715,,DEFAULT,RL1-C(0.06)N(2.148)-2408R1,DIAMOND,18 Ct/85,0,1
716L1,716,,DEFAULT,RL1-C(0.33)N(1.854)-2432R1,DIAMOND,18 Ct/85,0,1
717L1,717,,DEFAULT,RG1-C(0.36)N(6.108)-2461R1,DIAMOND,18 Ct/85,0,1
718L1,718,,DEFAULT,RG1-C(0.31)N(6.038)-2464R1,DIAMOND,18 Ct/85,0,1
719L1,719,,DEFAULT,RG1-C(0.54)N(4.362)-2478R1,DIAMOND,18 Ct/85,0,1
720L1,720,,DEFAULT,RG1-C(0.45)N(5.55)-2479R1,DIAMOND,18 Ct/85,0,1
721L1,721,,DEFAULT,RG1-C(0.65)N(7.91)-2481R1,DIAMOND,18 Ct/85,0,1
722L1,722,,DEFAULT,RG1-C(0.17)N(6.576)-2482R1,DIAMOND,18 Ct/85,0,1
723L1,723,,DEFAULT,RG1-C(0.49)N(7.422)-2486R1,DIAMOND,18 Ct/85,0,1
724L1,724,,DEFAULT,RG1-C(0.22)N(8.086)-2487R1,DIAMOND,18 Ct/85,0,1
725L1,725,,DEFAULT,RG1-C(0.105)N(4.399)-2490R1,DIAMOND,18 Ct/85,0,1
726L1,726,,DEFAULT,RG1-C(0.31)N(5.078)-2499R1,DIAMOND,18 Ct/85,0,1
727L1,727,,DEFAULT,RG1-C(0.38)N(9.424)-2504R1,DIAMOND,18 Ct/85,0,1
728L1,728,,DEFAULT,RG1-C(0.49)N(5.522)-2505R1,DIAMOND,18 Ct/85,0,1
729L1,729,,DEFAULT,RG1-C(0.44)N(5.262)-2507R1,DIAMOND,18 Ct/85,0,1
72L1,72,PATLI FANCY 2,2.1INCH,60-5,GOLD,22 Ct,0,1
730L1,730,,DEFAULT,RG1-C(0.22)N(4.346)-2512R1,DIAMOND,18 Ct/85,0,1
731L1,731,,DEFAULT,RG1-C(0.16)N(5.308)-2515R1,DIAMOND,18 Ct/85,0,1
732L1,732,,DEFAULT,RG1-C(0.26)N(4.558)-2520R1,DIAMOND,18 Ct/85,0,1
733L1,733,,DEFAULT,RG1-C(0.18)N(8.514)-2525R1,DIAMOND,18 Ct/85,0,1
734L1,734,,DEFAULT,NS-C(7.2)N(54.87)-2537R1,DIAMOND,18 Ct/85,0,1
735L1,735,,DEFAULT,NE-C(4.6)N(24.83)-2555R1,DIAMOND,18 Ct/85,0,1
736L1,736,,DEFAULT,ER-C(0.45)N(3.3)-2688R1,DIAMOND,18 Ct/85,0,1
737L1,737,,DEFAULT,ER-C(1.71)N(7.568)-2693R1,DIAMOND,18 Ct/85,0,1
738L1,738,,DEFAULT,ER-C(1.2)N(4.99)-2694R1,DIAMOND,18 Ct/85,0,1
739L1,739,,DEFAULT,ER-C(0.15)N(2.25)-2699R1,DIAMOND,18 Ct/85,0,1
73L1,73,.ANGUTHI SILVER,DEFAULT,451-10,SILVER,SILVER,0,1537
740L1,740,,DEFAULT,ER-C(0.09)N(3.112)-2703R1,DIAMOND,18 Ct/85,0,1
741L1,741,,DEFAULT,ER-C(0.2)N(2.51)-2707R1,DIAMOND,18 Ct/85,0,1
742L1,742,,DEFAULT,ER-C(0.25)N(1.9)-2714R1,DIAMOND,18 Ct/85,0,1
743L1,743,,DEFAULT,ER-C(0.25)N(3.96)-2715R1,DIAMOND,18 Ct/85,0,1
744L1,744,,DEFAULT,ER-C(0.2)N(2.61)-2722R1,DIAMOND,18 Ct/85,0,1
745L1,745,,DEFAULT,ER-C(0.31)N(3.13)-2725R1,DIAMOND,18 Ct/85,0,1
746L1,746,,DEFAULT,ER-C(0.34)N(2.872)-2727R1,DIAMOND,18 Ct/85,0,1
747L1,747,,DEFAULT,ER-C(0.13)N(3.754)-2730R1,DIAMOND,18 Ct/85,0,1
748L1,748,,DEFAULT,ER-C(0.11)N(3.103)-2731R1,DIAMOND,18 Ct/85,0,1
749L1,749,,DEFAULT,ER-C(0.73)N(3.324)-2734R1,DIAMOND,18 Ct/85,0,1
74L2,74,.AKDA SADA,DEFAULT,450-10,SILVER,SILVER,0,1
750L1,750,,DEFAULT,ER-C(0.39)N(2.942)-2739R1,DIAMOND,18 Ct/85,0,1
751L1,751,,DEFAULT,ER-C(0.16)N(2.368)-2745R1,DIAMOND,18 Ct/85,0,1
752L1,752,,DEFAULT,ER-C(0.38)N(3.384)-2749R1,DIAMOND,18 Ct/85,0,1
753L1,753,,DEFAULT,ER-C(0.19)N(1.542)-2750R1,DIAMOND,18 Ct/85,0,1
754L1,754,,DEFAULT,ER-C(0.06)N(2.168)-2755R1,DIAMOND,18 Ct/85,0,1
755L1,755,,DEFAULT,ER-C(0.32)N(5.276)-2763R1,DIAMOND,18 Ct/85,0,1
756L1,756,,DEFAULT,ER-C(0.11)N(2.018)-2765R1,DIAMOND,18 Ct/85,0,1
757L1,757,,DEFAULT,ER-C(0.15)N(2.04)-2769R1,DIAMOND,18 Ct/85,0,1
758L1,758,,DEFAULT,ER-C(0.12)N(1.906)-2773R1,DIAMOND,18 Ct/85,0,1
759L1,759,,DEFAULT,ER-C(0.52)N(3.216)-2775R1,DIAMOND,18 Ct/85,0,1
75L1,75,.BICHUDI SILVER,DEFAULT,454-10,SILVER,SILVER,0,10
760L1,760,,DEFAULT,ER-C(0.07)N(3.026)-2784R1,DIAMOND,18 Ct/85,0,1
761L1,761,,DEFAULT,ER-C(0.47)N(2.246)-2785R1,DIAMOND,18 Ct/85,0,1
762L1,762,,DEFAULT,ER-C(0.2)N(1.88)-2790R1,DIAMOND,18 Ct/85,0,1
763L1,763,,DEFAULT,ER-C(0.53)N(2.234)-2794R1,DIAMOND,18 Ct/85,0,1
764L1,764,,DEFAULT,ER-C(0.37)N(2.096)-2795R1,DIAMOND,18 Ct/85,0,1
765L1,765,,DEFAULT,ER-C(0.5)N(2.53)-2796R1,DIAMOND,18 Ct/85,0,1
766L1,766,,DEFAULT,ER-C(8.7)N(4.06)-2801R1,DIAMOND,18 Ct/85,0,1
767L1,767,,DEFAULT,ER-C(4.21)N(3.938)-2802R1,DIAMOND,18 Ct/85,0,1
768L1,768,,DEFAULT,TM-C(1.24)N(4.782)-2816R1,DIAMOND,18 Ct/85,0,1
769L1,769,,DEFAULT,TM-C(0.59)N(3.922)-2822R1,DIAMOND,18 Ct/85,0,1
76L1,76,.BANGLE SILVER,DEFAULT,453-10,SILVER,SILVER,0,13
770L1,770,,DEFAULT,TM-C(0.3)N(2.79)-2845R1,DIAMOND,18 Ct/85,0,1
771L1,771,,DEFAULT,FR-C(0)N(4.95)-2908R1,DIAMOND,18 Ct/85,0,1
775L1,775,,DEFAULT,NP-C(0.04)N(0.392)-2958R1,DIAMOND,18 Ct/85,0,1
77L1,77,ANGUTHI GENTS,32INCH,130-5,GOLD,22 Ct,0,5
77L6,77,ANGUTHI GENTS,15NO,130-5,GOLD,22 Ct,0,1
785L1,785,,DEFAULT,NP-C(0.05)N(0.395)-3020R1,DIAMOND,18 Ct/85,0,1
788L1,788,,DEFAULT,PLRL-C(0)N(3.48)-3025R1,DIAMOND,95,0,1
789L1,789,,DEFAULT,PLRL-C(0)N(2.56)-3026R1,DIAMOND,18 Ct/76,0,1
78L10,78,.BRACELET  FANCY SILVER,DEFAULT,456-10,SILVER,SILVER,0,351
790L1,790,,DEFAULT,PLRL-C(0)N(4.24)-3028R1,DIAMOND,95,0,1
791L1,791,,DEFAULT,PLATC.-C(0)N(2.45)-3030R1,DIAMOND,95,0,1
792L1,792,,DEFAULT,PLRG-C(0)N(3.82)-3033R1,DIAMOND,95,0,1
793L1,793,,DEFAULT,PLRG-C(0)N(3.95)-3035R1,DIAMOND,18 Ct/76,0,1
794L1,794,,DEFAULT,RL1-C(0.13)N(2.134)-3207R1,DIAMOND,18 Ct/85,0,1
795L1,795,,DEFAULT,RL1-C(0.36)N(1.758)-3216R1,DIAMOND,18 Ct/85,0,1
796L1,796,,DEFAULT,RL1-C(0.16)N(1.738)-3253R1,DIAMOND,18 Ct/85,0,1
799L1,799,,DEFAULT,BRACLETL-C(0.59)N(8.282)-3407R1,DIAMOND,18 Ct/85,0,1
79L1,79,.CHAIN FANCY SILVER,DEFAULT,457-10,SILVER,SILVER,0,1811
7L1,7,CHAIN MACHINE,2.9INCH,132-5,GOLD,22 Ct,0,16
7L22,7,CHAIN MACHINE,24INCH,132-5,GOLD,22 Ct,0,2
7L24,7,CHAIN MACHINE,22INCH,132-5,GOLD,22 Ct,0,1
800L1,800,,DEFAULT,NP-C(0.03)N(0.304)-3441R1,DIAMOND,18 Ct/85,0,1
801L1,801,,DEFAULT,NP-C(0.03)N(0.294)-3442R1,DIAMOND,18 Ct/85,0,1
802L1,802,,DEFAULT,NP-C(0.06)N(0.278)-3444R1,DIAMOND,18 Ct/85,0,1
803L1,803,,DEFAULT,NS-C(3.21)N(14.208)-3477R1,DIAMOND,18 Ct/85,0,1
804L1,804,,DEFAULT,ER-C(0.18)N(2.094)-3492R1,DIAMOND,18 Ct/85,0,1
805L1,805,,DEFAULT,ER-C(0.13)N(3.024)-3494R1,DIAMOND,18 Ct/85,0,1
806L1,806,,DEFAULT,NS-C(2.29)N(10.992)-3512R1,DIAMOND,18 Ct/85,0,1
807L1,807,,DEFAULT,NS-C(2.1)N(10.16)-3513R1,DIAMOND,18 Ct/85,0,1
808L1,808,,DEFAULT,NE-C(0.94)N(5.142)-3514R1,DIAMOND,18 Ct/85,0,1
809L1,809,,DEFAULT,NE-C(0.58)N(4.394)-3515R1,DIAMOND,18 Ct/85,0,1
80L41,80,CHIK BIJASAN,DEFAULT,715-10,SILVER,SILVER,0,23
810L1,810,,DEFAULT,ER-C(0.23)N(2.784)-3520R1,DIAMOND,18 Ct/85,0,1
811L1,811,,DEFAULT,ER-C(0.46)N(4.108)-3521R1,DIAMOND,18 Ct/85,0,1
812L1,812,,DEFAULT,ER-C(0.53)N(3.964)-3522R1,DIAMOND,18 Ct/85,0,1
813L1,813,,DEFAULT,TM-C(0.74)N(5.262)-3813R1,DIAMOND,18 Ct/85,0,1
814L1,814,,DEFAULT,ER-C(0.41)N(2.878)-3825R1,DIAMOND,18 Ct/85,0,1
815L1,815,,DEFAULT,RG-C(0.3)N(2.28)-3830R1,DIAMOND,18 Ct/85,0,1
816L1,816,,DEFAULT,ER-C(0.41)N(3.558)-3836R1,DIAMOND,18 Ct/85,0,1
817L1,817,,DEFAULT,RL1-C(0.12)N(1.356)-3843R1,DIAMOND,18 Ct/85,0,1
818L1,818,,DEFAULT,RG1-C(0.42)N(5.946)-3846R1,DIAMOND,18 Ct/85,0,1
819L1,819,,DEFAULT,RL1-C(0.27)N(1.816)-3852R1,DIAMOND,18 Ct/85,0,1
81L1,81,ANGUTHI GENTS,5NO,130-5,GOLD,22 Ct,0,6
820L1,820,,DEFAULT,RG-C(0.56)N(6.228)-3853R1,DIAMOND,18 Ct/85,0,1
821L1,821,,DEFAULT,ER-C(0.62)N(5.066)-3865R1,DIAMOND,18 Ct/85,0,1
822L1,822,,DEFAULT,RG-C(0.25)N(2.14)-4278R1,DIAMOND,18 Ct/85,0,1
823L1,823,,DEFAULT,RL1-C(0.13)N(2.064)-4294R1,DIAMOND,18 Ct/85,0,1
824L1,824,,DEFAULT,RG1-C(0.35)N(7.15)-4315R1,DIAMOND,18 Ct/85,0,1
825L1,825,,DEFAULT,RG-C(0.42)N(6.576)-4317R1,DIAMOND,18 Ct/85,0,1
826L1,826,,DEFAULT,ER-C(0.72)N(3.956)-4319R1,DIAMOND,18 Ct/85,0,1
827L1,827,,DEFAULT,RL1-C(0.13)N(3.174)-4322R1,DIAMOND,18 Ct/85,0,1
828L1,828,,DEFAULT,RG1-C(0.49)N(5.452)-4323R1,DIAMOND,18 Ct/85,0,1
829L1,829,,DEFAULT,NP-C(0.11)N(0.388)-4370R1,DIAMOND,18 Ct/85,0,1
82L10,82,ANGUTHI GENTS,8NO,130-5,GOLD,22 Ct,0,20
82L12,82,ANGUTHI GENTS,19NO,130-5,GOLD,22 Ct,0,1
830L1,830,,DEFAULT,TM-C(0.46)N(2.438)-4597R1,DIAMOND,18 Ct/85,0,1
831L1,831,,DEFAULT,PENDANTL-C(0.4)N(2.94)-4617R1,DIAMOND,18 Ct/85,0,1
832L1,832,,DEFAULT,PENDANTL-C(0.36)N(1.988)-4621R1,DIAMOND,18 Ct/85,0,1
833L1,833,,DEFAULT,NP-C(0.03)N(0.654)-4907R1,DIAMOND,18 Ct/85,0,1
834L1,834,,DEFAULT,RL1-C(0.12)N(2.011)-4941R1,DIAMOND,18 Ct/85,0,1
835L1,835,,DEFAULT,ER-C(0.56)N(2.535)-4947R1,DIAMOND,18 Ct/85,0,1
836L1,836,,DEFAULT,RL1-C(0.12)N(2.429)-4973R1,DIAMOND,18 Ct/85,0,1
837L1,837,,DEFAULT,TM-C(0.82)N(2.393)-5003R1,DIAMOND,18 Ct/85,0,1
838L1,838,,DEFAULT,RG1-C(0.71)N(5.248)-5117R1,DIAMOND,18 Ct/85,0,1
839L1,839,,DEFAULT,TM-C(0.75)N(3.09)-5149R1,DIAMOND,18 Ct/85,0,1
83L1,83,ANGUTHI GENTS,9NO,130-5,GOLD,22 Ct,0,19
83L18,83,ANGUTHI GENTS,21NO,130-5,GOLD,22 Ct,0,3
840L1,840,,DEFAULT,TM-C(0.38)N(3.514)-5156R1,DIAMOND,18 Ct/85,0,1
841L1,841,,DEFAULT,BG-C(3.64)N(16.347)-5161R1,DIAMOND,18 Ct/85,0,1
842L1,842,,DEFAULT,TM-C(0.8)N(4.32)-5177R1,DIAMOND,18 Ct/85,0,1
843L1,843,,DEFAULT,ER-C(0.85)N(4.78)-5238R1,DIAMOND,18 Ct/85,0,1
844L1,844,,DEFAULT,RG-C(0.12)N(2.096)-5245R1,DIAMOND,18 Ct/85,0,1
845L1,845,,DEFAULT,BG-C(3.64)N(16.152)-5269R1,DIAMOND,18 Ct/85,0,1
846L1,846,,DEFAULT,NS-C(3.17)N(18.824)-5844R1,DIAMOND,18 Ct/85,0,1
847L1,847,,DEFAULT,NE-C(1.69)N(9.052)-5845R1,DIAMOND,18 Ct/85,0,1
848L1,848,,DEFAULT,ER-C(1)N(4.78)-612R1,DIAMOND,18 Ct/85,0,1
849L1,849,,DEFAULT,TM-C(0.25)N(2.08)-6476R1,DIAMOND,18 Ct/85,0,1
84L1,84,ANGUTHI GENTS,10NO,130-5,GOLD,22 Ct,0,23
84L16,84,ANGUTHI GENTS,21NO,130-5,GOLD,22 Ct,0,2
84L23,84,ANGUTHI GENTS,22NO,130-5,GOLD,22 Ct,0,3
850L1,850,,DEFAULT,RL1-C(0.14)N(2.122)-6528R1,DIAMOND,18 Ct/85,0,1
851L1,851,,DEFAULT,RL1-C(0.18)N(1.424)-6964R1,DIAMOND,18 Ct/85,0,1
852L1,852,,DEFAULT,RL1-C(0.06)N(1.948)-707R1,DIAMOND,18 Ct/85,0,1
853L1,853,,DEFAULT,RG-C(0.28)N(8.044)-7122R1,DIAMOND,18 Ct/85,0,1
854L1,854,,DEFAULT,PE-C(0.66)N(3.368)-7408R1,DIAMOND,18 Ct/85,0,1
855L1,855,,DEFAULT,BG-C(3.45)N(20.37)-7411R1,DIAMOND,18 Ct/85,0,1
856L1,856,,DEFAULT,BG-C(3.43)N(18.744)-7412R1,DIAMOND,18 Ct/85,0,1
857L1,857,,DEFAULT,ER-C(0.28)N(1.624)-7478R1,DIAMOND,18 Ct/85,0,1
858L1,858,,DEFAULT,ER-C(0.37)N(3.216)-7488R1,DIAMOND,18 Ct/85,0,1
859L1,859,,DEFAULT,ER-C(0.25)N(2.52)-7497R1,DIAMOND,18 Ct/85,0,1
85L1,85,ANGUTHI GENTS,12NO,130-5,GOLD,22 Ct,0,7
85L5,85,ANGUTHI GENTS,21NO,130-5,GOLD,22 Ct,0,1
860L1,860,,DEFAULT,PE-C(1.05)N(5.39)-7498R1,DIAMOND,18 Ct/85,0,1
861L1,861,,DEFAULT,NP-C(0.02)N(0.256)-7513R1,DIAMOND,18 Ct/85,0,1
862L1,862,,DEFAULT,NP-C(0.02)N(0.256)-7514R1,DIAMOND,18 Ct/85,0,1
863L1,863,,DEFAULT,NP-C(0.03)N(0.324)-7515R1,DIAMOND,18 Ct/85,0,1
864L1,864,,DEFAULT,NP-C(0.03)N(0.304)-7516R1,DIAMOND,18 Ct/85,0,1
865L1,865,,DEFAULT,NP-C(0.03)N(0.304)-7517R1,DIAMOND,18 Ct/85,0,1
866L1,866,,DEFAULT,NP-C(0.03)N(0.304)-7518R1,DIAMOND,18 Ct/85,0,1
867L1,867,,DEFAULT,NP-C(0.04)N(0.232)-7519R1,DIAMOND,18 Ct/85,0,1
868L1,868,,DEFAULT,NP-C(0.04)N(0.212)-7520R1,DIAMOND,18 Ct/85,0,1
869L1,869,,DEFAULT,NP-C(0.04)N(0.222)-7521R1,DIAMOND,18 Ct/85,0,1
86L1,86,ANGUTHI GENTS,6NO,130-5,GOLD,22 Ct,0,7
86L5,86,ANGUTHI GENTS,18NO,130-5,GOLD,22 Ct,0,1
870L1,870,,DEFAULT,NP-C(0.04)N(0.212)-7522R1,DIAMOND,18 Ct/85,0,1
871L1,871,,DEFAULT,NP-C(0.04)N(0.202)-7531R1,DIAMOND,18 Ct/85,0,1
872L1,872,,DEFAULT,ER-C(0.63)N(5.464)-7580R1,DIAMOND,18 Ct/85,0,1
873L1,873,,DEFAULT,RG-C(0.35)N(6.17)-7741R1,DIAMOND,18 Ct/85,0,1
874L1,874,,DEFAULT,RG-C(0.35)N(6.33)-7743R1,DIAMOND,18 Ct/85,0,1
875L1,875,,DEFAULT,NP-C(0.05)N(0.37)-7780R1,DIAMOND,18 Ct/85,0,1
876L1,876,,DEFAULT,IT. CHAIN-C(0)N(6.38)-7813R1,DIAMOND,14CT/68,0,1
877L1,877,,DEFAULT,PCT-C(1.26)N(3.31)-7855R1,DIAMOND,18 Ct/85,0,1
878L1,878,,DEFAULT,PCT-C(1.39)N(3.47)-7862R1,DIAMOND,18 Ct/85,0,1
879L1,879,,DEFAULT,RL1-C(0.6)N(3.56)-7875R1,DIAMOND,18 Ct/85,0,1
87L1,87,ANGUTHI GENTS,7NO,130-5,GOLD,22 Ct,0,7
87L2,87,ANGUTHI GENTS,19NO,130-5,GOLD,22 Ct,0,2
87L8,87,ANGUTHI GENTS,20NO,130-5,GOLD,22 Ct,0,2
880L1,880,,DEFAULT,RL1-C(0.46)N(2.228)-7923R1,DIAMOND,18 Ct/85,0,1
881L1,881,,DEFAULT,RL1-C(0.36)N(2.408)-7924R1,DIAMOND,18 Ct/85,0,1
882L1,882,,DEFAULT,RL1-C(0.59)N(3.462)-8113R1,DIAMOND,18 Ct/85,0,1
883L1,883,,DEFAULT,RL1-C(0.17)N(1.676)-8147R1,DIAMOND,18 Ct/85,0,1
884L1,884,,DEFAULT,RL1-C(0.2)N(1.75)-8149R1,DIAMOND,18 Ct/85,0,1
885L1,885,,DEFAULT,RL1-C(0.14)N(1.772)-8153R1,DIAMOND,18 Ct/85,0,1
886L1,886,,DEFAULT,TM-C(0.44)N(2.262)-8157R1,DIAMOND,18 Ct/85,0,1
887L1,887,,DEFAULT,RL1-C(0.11)N(1.428)-8161R1,DIAMOND,18 Ct/85,0,1
888L1,888,,DEFAULT,TM-C(0.32)N(0.816)-8164R1,DIAMOND,18 Ct/85,0,1
889L1,889,,DEFAULT,RG1-C(0.53)N(4.544)-8165R1,DIAMOND,18 Ct/85,0,1
88L1,88,ANGUTHI GENTS,11NO,130-5,GOLD,22 Ct,0,12
88L10,88,ANGUTHI GENTS,22NO,130-5,GOLD,22 Ct,0,1
88L8,88,ANGUTHI GENTS,21NO,130-5,GOLD,22 Ct,0,1
890L1,890,,DEFAULT,CHAIN-C(0)N(7.02)-8167R1,DIAMOND,18 Ct/85,0,1
891L1,891,,DEFAULT,CHAIN-C(0)N(8.7)-8169R1,DIAMOND,18 Ct/85,0,1
892L1,892,,DEFAULT,IT. CHAIN-C(0)N(7.21)-8176R1,DIAMOND,14CT/68,0,1
893L1,893,,DEFAULT,RL1-C(0.15)N(2.25)-8181R1,DIAMOND,18 Ct/85,0,1
894L1,894,,DEFAULT,ER-C(0.25)N(2.25)-8187R1,DIAMOND,18 Ct/85,0,1
895L1,895,,DEFAULT,TM-C(0.44)N(2.932)-8198R1,DIAMOND,18 Ct/85,0,1
896L1,896,,DEFAULT,ER-C(0.14)N(2.222)-8219R1,DIAMOND,18 Ct/85,0,1
897L1,897,,DEFAULT,ER-C(0.55)N(12.54)-8220R1,DIAMOND,18 Ct/85,0,1
898L1,898,,DEFAULT,ER-C(0.6)N(3.73)-8232R1,DIAMOND,18 Ct/85,0,1
899L1,899,,DEFAULT,CHAIN-C(0)N(4.07)-8236R1,DIAMOND,18 Ct/85,0,1
89L1,89,STONE FERVA,DEFAULT,461-10,SILVER,SILVER,0,2495
8L1,8,CHAIN MACHINE,2.8INCH,132-5,GOLD,22 Ct,0,50
8L4,8,CHAIN MACHINE,24INCH,132-5,GOLD,22 Ct,0,1
8L45,8,CHAIN MACHINE,22INCH,132-5,GOLD,22 Ct,0,1
8L68,8,CHAIN MACHINE,20INCH,132-5,GOLD,22 Ct,0,1
900L1,900,,DEFAULT,ER-C(0.47)N(2.266)-8237R1,DIAMOND,18 Ct/85,0,1
901L1,901,,DEFAULT,IT. STIFF-C(0)N(9.95)-8279R1,DIAMOND,14CT/68,0,1
902L1,902,,DEFAULT,TM-C(0.95)N(4.61)-8305R1,DIAMOND,18 Ct/85,0,1
903L1,903,,DEFAULT,RL1-C(0.11)N(1.498)-8309R1,DIAMOND,18 Ct/85,0,1
904L1,904,,DEFAULT,RL1-C(0.12)N(1.916)-8311R1,DIAMOND,18 Ct/85,0,1
905L1,905,,DEFAULT,ER-C(0.26)N(1.798)-8316R1,DIAMOND,18 Ct/85,0,1
906L1,906,,DEFAULT,ER-C(0.24)N(1.912)-8317R1,DIAMOND,18 Ct/85,0,1
907L1,907,,DEFAULT,ER-C(0.23)N(2.104)-8321R1,DIAMOND,18 Ct/85,0,1
908L1,908,,DEFAULT,ER-C(0.27)N(2.136)-8322R1,DIAMOND,18 Ct/85,0,1
909L1,909,,DEFAULT,ER-C(0.18)N(2.284)-8323R1,DIAMOND,18 Ct/85,0,1
90L11,90,.RINGA/ZUMKE [150],DEFAULT,717-10,SILVER,SILVER,0,6
910L1,910,,DEFAULT,RL1-C(0.07)N(1.206)-8327R1,DIAMOND,18 Ct/85,0,1
911L1,911,,DEFAULT,ER-C(0.8)N(2.44)-8337R1,DIAMOND,18 Ct/85,0,1
912L1,912,,DEFAULT,ER-C(0.48)N(2.684)-8339R1,DIAMOND,18 Ct/85,0,1
913L1,913,,DEFAULT,TM-C(0.34)N(2.692)-8345R1,DIAMOND,18 Ct/85,0,1
914L1,914,,DEFAULT,RG1-C(0.28)N(6.504)-8352R1,DIAMOND,18 Ct/85,0,1
915L1,915,,DEFAULT,TM-C(0.52)N(2.956)-8353R1,DIAMOND,18 Ct/85,0,1
916L1,916,,DEFAULT,NP-C(0.04)N(0.192)-8390R1,DIAMOND,18 Ct/85,0,1
917L1,917,,DEFAULT,RG1-C(0.45)N(5.22)-852R1,DIAMOND,18 Ct/85,0,1
918L1,918,,DEFAULT,TM-C(0.38)N(2.054)-8537R1,DIAMOND,18 Ct/85,0,1
919L1,919,,DEFAULT,TM-C(0.62)N(3.206)-8538R1,DIAMOND,18 Ct/85,0,1
91L1,91,SATI SIL,DEFAULT,698-10,SILVER,SILVER,0,30
920L1,920,,DEFAULT,TM-C(0.32)N(3.116)-8540R1,DIAMOND,18 Ct/85,0,1
921L1,921,,DEFAULT,TM-C(0.22)N(1.826)-8543R1,DIAMOND,18 Ct/85,0,1
922L1,922,,DEFAULT,TM-C(0.38)N(3.904)-8544R1,DIAMOND,18 Ct/85,0,1
923L1,923,,DEFAULT,TM-C(0.32)N(2.096)-8545R1,DIAMOND,18 Ct/85,0,1
924L1,924,,DEFAULT,TM-C(0.51)N(3.518)-8547R1,DIAMOND,18 Ct/85,0,1
925L1,925,,DEFAULT,TM-C(0.45)N(2.96)-8548R1,DIAMOND,18 Ct/85,0,1
926L1,926,,DEFAULT,TM-C(0.5)N(2.65)-8550R1,DIAMOND,18 Ct/85,0,1
927L1,927,,DEFAULT,TM-C(0.33)N(1.914)-8552R1,DIAMOND,18 Ct/85,0,1
928L1,928,,DEFAULT,TM-C(0.52)N(3.476)-8553R1,DIAMOND,18 Ct/85,0,1
929L1,929,,DEFAULT,TM-C(0.62)N(2.736)-8556R1,DIAMOND,18 Ct/85,0,1
92L1,92,PLAIN MEKHALA,DEFAULT,466-10,SILVER,SILVER,0,28
930L1,930,,DEFAULT,TM-C(0.62)N(2.216)-8557R1,DIAMOND,18 Ct/85,0,1
931L1,931,,DEFAULT,IT. RING-C(0)N(5.57)-8567R1,DIAMOND,14CT/68,0,1
932L1,932,,DEFAULT,IT. RING-C(0)N(8.73)-8568R1,DIAMOND,14CT/68,0,1
933L1,933,,DEFAULT,IT. RING-C(0)N(5.07)-8569R1,DIAMOND,14CT/68,0,1
934L1,934,,DEFAULT,IT. PENDAN-C(0)N(2.69)-8572R1,DIAMOND,18 Ct/85,0,1
935L1,935,,DEFAULT,IT. CHAIN-C(0)N(3.13)-8575R1,DIAMOND,14CT/68,0,1
936L1,936,,DEFAULT,TM-C(0.96)N(6.358)-8583R1,DIAMOND,18 Ct/85,0,1
937L1,937,,DEFAULT,ER-C(0.71)N(5.138)-8584R1,DIAMOND,18 Ct/85,0,1
938L1,938,,DEFAULT,RL1-C(0.2)N(1.86)-8587R1,DIAMOND,18 Ct/85,0,1
939L1,939,,DEFAULT,ER-C(0.7)N(3.86)-8596R1,DIAMOND,18 Ct/85,0,1
93L1,93,.JIBHI/DAT KORNE,DEFAULT,463-10,SILVER,SILVER,0,1
940L1,940,,DEFAULT,RL1-C(0.18)N(1.774)-8598R1,DIAMOND,18 Ct/85,0,1
941L1,941,,DEFAULT,RL1-C(0.2)N(1.8)-8599R1,DIAMOND,18 Ct/85,0,1
942L1,942,,DEFAULT,RL1-C(0.29)N(2.162)-8605R1,DIAMOND,18 Ct/85,0,1
943L1,943,,DEFAULT,ER-C(0.28)N(3.014)-8606R1,DIAMOND,18 Ct/85,0,1
944L1,944,,DEFAULT,RL1-C(0.23)N(1.724)-8607R1,DIAMOND,18 Ct/85,0,1
945L1,945,,DEFAULT,RG1-C(0.26)N(6.368)-8608R1,DIAMOND,18 Ct/85,0,1
946L1,946,,DEFAULT,RL1-C(0.15)N(2.11)-8630R1,DIAMOND,18 Ct/85,0,1
947L1,947,,DEFAULT,RL1-C(0.04)N(3.192)-8631R1,DIAMOND,18 Ct/85,0,1
948L1,948,,DEFAULT,RL1-C(0.14)N(1.922)-8632R1,DIAMOND,18 Ct/85,0,1
949L1,949,,DEFAULT,RL1-C(0.13)N(2.654)-8636R1,DIAMOND,18 Ct/85,0,1
94L1,94,FANCY KADA,DEFAULT,464-10,SILVER,SILVER,0,282
950L1,950,,DEFAULT,RL1-C(0.2)N(3.09)-8640R1,DIAMOND,18 Ct/85,0,1
951L1,951,,DEFAULT,ER-C(0.32)N(2.176)-8641R1,DIAMOND,18 Ct/85,0,1
952L1,952,,DEFAULT,ER-C(0.29)N(1.922)-8642R1,DIAMOND,18 Ct/85,0,1
953L1,953,,DEFAULT,ER-C(0.4)N(2.18)-8643R1,DIAMOND,18 Ct/85,0,1
954L1,954,,DEFAULT,ER-C(0.22)N(2.356)-8645R1,DIAMOND,18 Ct/85,0,1
955L1,955,,DEFAULT,RG-C(0.26)N(5.428)-8646R1,DIAMOND,18 Ct/85,0,1
956L1,956,,DEFAULT,RG1-C(0.26)N(3.598)-8649R1,DIAMOND,18 Ct/85,0,1
957L1,957,,DEFAULT,ER-C(1.06)N(3.408)-8651R1,DIAMOND,18 Ct/85,0,1
958L1,958,,DEFAULT,TM-C(0.54)N(4.472)-8654R1,DIAMOND,18 Ct/85,0,1
959L1,959,,DEFAULT,RG1-C(0.37)N(8.546)-8658R1,DIAMOND,18 Ct/85,0,1
95L1,95,.PENDENT SILVER,DEFAULT,468-10,SILVER,SILVER,0,451
960L1,960,,DEFAULT,ER-C(0.59)N(5.862)-8659R1,DIAMOND,18 Ct/85,0,1
961L1,961,,DEFAULT,RL1-C(0.24)N(4.162)-8664R1,DIAMOND,18 Ct/85,0,1
962L1,962,,DEFAULT,RG1-C(0.24)N(5.972)-8667R1,DIAMOND,18 Ct/85,0,1
963L1,963,,DEFAULT,RL1-C(0.14)N(2.972)-8674R1,DIAMOND,18 Ct/85,0,1
964L1,964,,DEFAULT,RL1-C(0.14)N(2.172)-8676R1,DIAMOND,18 Ct/85,0,1
965L1,965,,DEFAULT,RL1-C(0.23)N(1.924)-8677R1,DIAMOND,18 Ct/85,0,1
966L1,966,,DEFAULT,RL1-C(0.21)N(1.808)-8678R1,DIAMOND,18 Ct/85,0,1
967L1,967,,DEFAULT,RG1-C(0.3)N(6.48)-8682R1,DIAMOND,18 Ct/85,0,1
968L1,968,,DEFAULT,RG1-C(0.36)N(5.448)-8683R1,DIAMOND,18 Ct/85,0,1
969L1,969,,DEFAULT,ER-C(0.34)N(4.442)-8688R1,DIAMOND,18 Ct/85,0,1
96L1,96,GOFE CHAIN,DEFAULT,531-10,SILVER,SILVER,0,149
970L1,970,,DEFAULT,ER-C(0.27)N(2.846)-8689R1,DIAMOND,18 Ct/85,0,1
971L1,971,,DEFAULT,ER-C(0.63)N(4.094)-8690R1,DIAMOND,18 Ct/85,0,1
972L1,972,,DEFAULT,ER-C(0.6)N(5.36)-8694R1,DIAMOND,18 Ct/85,0,1
973L1,973,,DEFAULT,TM-C(0.79)N(4.682)-8696R1,DIAMOND,18 Ct/85,0,1
974L1,974,,DEFAULT,ER-C(0.37)N(4.026)-8698R1,DIAMOND,18 Ct/85,0,1
975L1,975,,DEFAULT,RL1-C(0.17)N(2.576)-8701R1,DIAMOND,18 Ct/85,0,1
976L1,976,,DEFAULT,RL1-C(0.22)N(1.356)-8702R1,DIAMOND,18 Ct/85,0,1
977L1,977,,DEFAULT,ER-C(0.5)N(1.95)-8707R1,DIAMOND,18 Ct/85,0,1
978L1,978,,DEFAULT,RL1-C(0.07)N(2.316)-8708R1,DIAMOND,18 Ct/85,0,1
979L1,979,,DEFAULT,RL1-C(0.13)N(2.594)-8713R1,DIAMOND,18 Ct/85,0,1
97L1,97,BOX CHAIN,DEFAULT,530-10,SILVER,SILVER,0,132
980L1,980,,DEFAULT,RL1-C(0.17)N(1.526)-8714R1,DIAMOND,18 Ct/85,0,1
981L1,981,,DEFAULT,RL1-C(0.17)N(1.966)-8715R1,DIAMOND,18 Ct/85,0,1
982L1,982,,DEFAULT,ER-C(0.4)N(3.06)-8719R1,DIAMOND,18 Ct/85,0,1
983L1,983,,DEFAULT,ER-C(0.21)N(3.158)-8720R1,DIAMOND,18 Ct/85,0,1
984L1,984,,DEFAULT,RG-C(0.31)N(4.088)-8723R1,DIAMOND,18 Ct/85,0,1
985L1,985,,DEFAULT,RG1-C(0.54)N(3.612)-8726R1,DIAMOND,18 Ct/85,0,1
986L1,986,,DEFAULT,RG1-C(0.42)N(3.516)-8727R1,DIAMOND,18 Ct/85,0,1
987L1,987,,DEFAULT,RG1-C(0.49)N(3.452)-8728R1,DIAMOND,18 Ct/85,0,1
988L1,988,,DEFAULT,RG1-C(0.53)N(5.044)-8729R1,DIAMOND,18 Ct/85,0,1
989L1,989,,DEFAULT,RG1-C(0.29)N(7.362)-8733R1,DIAMOND,18 Ct/85,0,1
98L1,98,DESIGNER CHAIN,DEFAULT,533-10,SILVER,SILVER,0,11
990L1,990,,DEFAULT,RG1-C(0.63)N(5.124)-8736R1,DIAMOND,18 Ct/85,0,1
991L1,991,,DEFAULT,RG1-C(0.67)N(5.666)-8737R1,DIAMOND,18 Ct/85,0,1
992L1,992,,DEFAULT,RL1-C(0.13)N(2.314)-8740R1,DIAMOND,18 Ct/85,0,1
993L1,993,,DEFAULT,RG1-C(0.45)N(6.66)-8763R1,DIAMOND,18 Ct/85,0,1
994L1,994,,DEFAULT,RG1-C(0.46)N(10.228)-8764R1,DIAMOND,18 Ct/85,0,1
995L1,995,,DEFAULT,RL1-C(0.11)N(2.238)-8836R1,DIAMOND,18 Ct/85,0,1
996L1,996,,DEFAULT,RL1-C(0.2)N(1.46)-8891R1,DIAMOND,18 Ct/85,0,1
997L1,997,,DEFAULT,RG1-C(0.15)N(3.63)-8899R1,DIAMOND,18 Ct/85,0,1
998L1,998,,DEFAULT,RL1-C(0.06)N(1.648)-8900R1,DIAMOND,18 Ct/85,0,1
999L1,999,,DEFAULT,RG1-C(0.21)N(4.858)-8901R1,DIAMOND,18 Ct/85,0,1
99L1,99,HOLLOW CHAIN,DEFAULT,532-10,SILVER,SILVER,0,97
9L1,9,FANCY CHAIN,2.7INCH,138-5,GOLD,22 Ct,0,1
